Sr no,Raw,Kanji,Hint,Sentence,Hiragana,Meaning,Page no.
1,相手,相手,,,あいて,"Opponent, partner",44
2,曖昧(な),曖昧,,,あいまい,"unclear, ambiguous",45
3,アイロン,アイロン,,,アイロン,Iron,20
4,遭う,遭う,交通事故に,,あう,"To encounter, to meet",37
5,アクセル,アクセル,,,アクセル,Accelerator (gas pedal),34
6,欠伸,欠伸,,,あくび,Yawn,84
7,揚げる,揚げる,,彼女は天ぷらを揚げる～ました。,あげる,"To fry, to deep-fry",16
8,憧れる,憧れる,,,あこがれる,"to long for, to yearn after",44
9,味見,味見,,料理を作る前に味見をすることは大切です。,あじみ,Tasting,17
10,明日,明日,,,あした,Tomorrow,28
11,預ける,預ける,,この銀行にお金を預ける～ています。,あずける,"To leave (in someone's keeping), to put (in someone's care), to entrust (someone) with",38
12,汗+,汗,,,あせ,"Sweat, perspiration",84
13,汗臭い＊,汗臭い,,,あせくさい,Smelly with sweat,84
14,与える,与える,,母は子供に愛情をたくさん与える～ます。,あたえる,"To give, to grant",23
15,温める,温める,,寒い日には手を温めるためにお湯を使います。,あたためる,"To warm, heat up",12
16,暖める,暖める,,彼は夕食を電子レンジで暖める～ました。,あたためる,"To warm, heat up",13
17,宛先,宛先,,,あてさき,Destination address,70
18,宛名,宛名,,,あてな,Receiver's name,39
19,アドレス,アドレス,メール,,アドレス,Address,71
20,アドレス帳,アドレス帳,,,アドレス帳,Address book,71
21,穴+,穴,,この壁に小さな穴があります。,あな,Hole,22
22,アナウンス,アナウンス,,,アナウンス,Announcement,33
23,暴れる,暴れる,,,あばれる,"To act violently, to struggle",52
24,浴びる,浴びる,,,あびる,"To take (e.g. Shower), to bask in (e.g. The sun)",46
25,油+,油,,揚げ物をする時、油を熱してください。,あぶら,Oil,16
26,溢れる,溢れる,,,あふれる,To overflow,52
27,雨戸,雨戸,,台風の日には雨戸を閉めます。,あまど,"Storm shutter, wooden outside window blinds",12
28,甘やかす,甘やかす,,祖父母は孫を甘やかすことがよくあります。,あまやかす,"To pamper, to spoil",22
29,網戸,網戸,,夏になると、網戸を使って虫を防ぎます。,あみど,"Screen door, mesh door",12
30,怪しい,怪しい,男,,あやしい,Suspicious,86
31,アルバイト,アルバイト,,,アルバイト,Part-time job,66
32,ホイル,ホイル,アルミ,,ホイル,Foil,15
33,アレルギー,アレルギー,,,アレルギー,Allergy,82
34,泡+,泡,,,あわ,"Bubble, foam",52
35,暗記,暗記,,,あんき,Memorization,64
36,暗証番号,暗証番号,,,あんしょうばんごう,PIN (Personal Identification Number),38
37,安全(な),安全,,,あんぜん,Safety,87
38,胃+,胃,,,い,Stomach,82
39,いい加減(な)＊＊,いい加減(な),,,いいかげん,"irresponsible, perfunctory, careless",81
40,言い直す＊,言い直す,,,いいなおす,"To correct, to amend",64
41,医学部,医学部,,,いがくぶ,Medical school,62
42,～行き,～行き,ゆき,,～いき,Bound for,30
43,息+,息,,,いき,Breath,82
44,行き成り＊,行き成り,泣き出す,,いきなり,"Suddenly, abruptly",92
45,育児,育児,,,いくじ,Child care (baby),22
46,イコール,イコール,,,イコール,Equal,61
47,医師,医師,,,いし,A doctor,"82, 83"
48,意地悪,意地悪,,,いじわる,"Mean, malicious",81
49,悪戯,悪戯,,,いたずら,"mischief, prank, trick",23
50,痛み,痛み,,,いたみ,"Pain, damage, injury",83
51,炒める,炒める,,,いためる,To stir-fry,16
52,一度に,一度に,,,いちどに,all at once,93
53,一気に,一気に,,,いっきに,"in one go, in one gulp, in one breath",52
54,一昨日,一昨日,,,いっさくじつ,The day before yesterday,28
55,一昨年,一昨年,,,いっさくねん,The year before last,28
56,一遍に,一遍に,,,いっぺんに,"(all) at once, at the same time",93
57,一方通行,一方通行,,,いっぽうつうこう,One-way traffic,36
58,従兄弟,従兄弟,従姉妹,,いとこ,Cousin (male),77
59,居眠り＊,居眠り,,,いねむり,"Dozing, napping",63
60,違反,違反,,,いはん,Violation,37
61,鼾+,鼾,,,いびき,Snoring,84
62,居間,居間,,家族は居間でゲームを楽しんでいます。,いま,Living room,12
63,嫌+,嫌,になる,,いや,"Dislike, unwillingness",44
64,嫌がられる,嫌がられる,,,いやがられる,To be disliked,44
65,嫌がる,嫌がる,,,いやがる,"To dislike, to be unwilling",44
66,イヤリング,イヤリング,,,イヤリング,Earring,46
67,苛々,苛々,渋滞で、思い通りにならず、落ち着かない事,,いらいら,"to get irritated, to get annoyed",96
68,入れる,入れる,,,いれる,"To put in, to insert, to install (e.g. Software)",13
69,印鑑,印鑑,判子,,いんかん,"Seal, stamp",38
70,インストール,インストール,,,インストール,Installation,68
71,インターネット,インターネット,,,インターネット,Internet,69
72,インフルエンザ,インフルエンザ,,,インフルエンザ,"Influenza, flu",83
73,ウィスキー,ウィスキー,,,ウィスキー,Whiskey,52
74,ウール,ウール,,,ウール,Wool,21
75,ウエーター,ウエーター,,,ウエーター,Waiter,50
76,ウエートレス,ウエートレス,,,ウエートレス,Waitress,50
77,嗽+,嗽,,,うがい,Gargling,83
78,受かる,受かる,,,うかる,To pass (an exam),62
79,浮く,浮く,,,うく,To float,86
80,受付,受付,,,うけつけ,Reception desk,98
81,受け付ける＊,受け付ける,,,うけつける,"To accept, to receive",98
82,受け取り＊,受け取り,,,うけとり,"Receipt, receiving",98
83,受け取る＊,受け取る,,彼から手紙を受け取る～ました。,うけとる,"To receive, to take, to interpret",98
84,受ける,受ける,,,うける,To receive,"50, 62, 83"
85,動かす,動かす,,,うごかす,To move (something),35
86,薄い,薄い,,,うすい,"Thin, light (color)",17
87,薄暗い＊,薄暗い,,,うすぐらい,"Dim, gloomy",87
88,嘘+,嘘,,,うそ,"lie, fib, falsehood, untruth",81
89,嘘吐き＊,嘘吐き,,,うそつき,liar,81
90,内側,内側,,,うちがわ,"Inside, interior",32
91,うっかり＊＊,うっかり,気つかない,,うっかり,"carelessly, thoughtlessly",94
92,唸る,唸る,,,うなる,"to groan, to moan",22
93,生まれ,生まれ,,,うまれ,Birth,78
94,埋める,埋める,穴を,,うめる,to bury (e.g. in the ground),22
95,裏返す＊,裏返す,,,うらがえす,"To turn inside out, to flip",16
96,羨ましい,羨ましい,,,うらやましい,"Envious, jealous",44
97,売り切れ＊,売り切れ,,,うりきれ,Sold out,49
98,売り切れる＊,売り切れる,,コンサートのチケットはすぐに売り切れる～ました。,うりきれる,to be sold out,49
99,うろうろ＊＊,うろうろ,変な男が,,うろうろ,"restlessly, aimlessly",96
100,上着,上着,,,うわぎ,"Jacket, outerwear",46
101,運賃,運賃,,,うんちん,"Fare, transportation charge",32
102,運転席,運転席,,,うんてんせき,Driver's seat,34
103,運転免許証,運転免許証,,,うんてんめんきょしょう,Driver's license,34
104,エアコン,エアコン,,,エアコン,Air conditioner,"12, 13"
105,英会話講師,英会話講師,,,えいかいわこうし,English conversation instructor,66
106,栄養,栄養,,,えいよう,"Nutrition, nourishment",14
107,餌+,餌,,,えさ,"(animal) feed, fodder, pet food",23
108,エプロン,エプロン,,,エプロン,Apron,18
109,偉い,偉い,,,えらい,"Great, excellent, admirable, important, famous",22
110,得る①,得る,,,える,"To get, to earn, to acquire",69
111,宴会,宴会,,,えんかい,"Banquet, party",52
112,エンジン,エンジン,,,エンジン,Engine,34
113,甥+,甥,,,おい,Nephew,77
114,追い越す＊,追い越す,,他の車を追い越す前に注意が必要です。,おいこす,"To pass (e.g. Car), to overtake​",36
115,横断,横断,,,おうだん,"Crossing, intersection",37
116,横断歩道,横断歩道,,,おうだんほどう,Pedestrian crossing,36
117,往復,往復,,,おうふく,Round trip,31
118,オークション,オークション,,,オークション,Auction,69
119,大さじ,大さじ,,,おおさじ,Tablespoon,14
120,お掛けになる＊,お掛けになる,,,おかけになる,To sit (polite),78
121,お菜,お菜,,,おさい,"Vegetables, side dish",14
122,金持ち＊,金持ち,お,,かねもち,Rich person,55
123,お代わり,お代わり,コーヒーの,,おかわり,"Another helping, seconds",50
124,お気に入り＊,お気に入り,,,おきにいり,Favorite,48
125,遅れる,遅れる,,,おくれる,To be late,63
126,化粧,化粧,お,,けしょう,Makeup,46
127,奢り,奢り,,,おごり,"Treat, treating someone",54
128,奢る,奢る,,,おごる,"To treat someone, to pay for",54
129,幼い,幼い,,彼女はまだ幼いです。,おさない,"Very young, childish, immature​",22
130,叔父,叔父,お,,おじ,Uncle (father's younger brother),76
131,お洒落,お洒落,お,,おしゃれ,"Stylish, fashionable",47
132,尻+,尻,お,,しり,"Buttocks, bottom",22
133,お勧め,お勧め,お,ウエートレスにお勧めを聞く,おすすめ,"Recommendation, suggested",50
134,お住まい,お住まい,お,,おすまい,Place of residence,78
135,恐ろしい,恐ろしい,,,おそろしい,"Terrible, dreadful",86
136,教わる,教わる,お,,おそわる,"To be taught, to learn",64
137,互い＃,互い,お,,たがい,"Each other, one another",44
138,お玉,お玉,,,おたま,Ladle,16
139,落ち着いている＊,落ち着いている,,,おちついている,"to calm down, to compose oneself",80
140,落ち着く＊,落ち着く,緊張する,,おちつく,"To calm down, to settle","64, 80"
141,落ちる,落ちる,,,おちる,"To fall down, to drop",21
142,摘み,摘み,お,,おつまみ,"Snack, appetizer",52
143,釣り,釣り,お,,おつり,Change (money),54
144,年寄り＊,年寄り,,,としより,"Old person, elderly",33
145,落とす,落とす,,,おとす,"To drop, to let fall",63
146,大人しい,大人しい,,,おとなしい,"gentle, quiet, mild",80
147,屁+,屁,,,おなら,Fart,84
148,叔母,叔母,お,,おば,Aunt (father's sister),76
149,お昼,お昼,お,,おひる,"Lunch, midday",50
150,オフ,オフ,,,オフ,"Off, free time",49
151,弁当,弁当,お,,べんとう,"Packed lunch, lunch box",60
152,見舞い＊,見舞い,お,,みまい,Visit (to someone who is ill),83
153,お目に掛かる ＊,お目に掛かる ,,,おめにかかる,to meet (someone),78
154,湯+,湯,お,,ゆ,"Hot water, hot bath",16
155,下ろす,下ろす,,,おろす,"to take down, to bring down, to lower (a hand, flag, shutter, etc.)",38
156,温泉,温泉,,,おんせん,Hot spring,29
157,負んぶ,負んぶ,,,おんぶ,"carrying (someone) on one's back (esp. a child), piggyback ride",22
158,カード,カード,,,カード,Card,"38, 54"
159,カーナビ,カーナビ,,,カーナビ,Car navigation system,34
160,カーペット,カーペット,,,カーペット,Carpet,12
161,海外,海外,,,かいがい,"Overseas, abroad",29
162,改行,改行,,,かいぎょう,"new line, new paragraph",70
163,改札口,改札口,,,かいさつぐち,Ticket gate,31
164,会社員,会社員,,,かいしゃいん,Company employee,76
165,外食,外食,,,がいしょく,Eating outside,50
166,回数券,回数券,,,かいすうけん,"Commuter pass, prepaid ticket",31
167,飼う,飼う,,,かう,"To raise (pets), to keep",23
168,書き取り＊,書き取り,,,かきとり,Dictation,64
169,書き取る＊,書き取る,,,かきとる,"To transcribe, to write down",64
170,書き直す＊,書き直す,,,かきなおす,"To rewrite, to correct",64
171,掻く,掻く,目を,,かく,"to scratch, to perspire","82, 84"
172,家具,家具,,,かぐ,Furniture,18
173,各駅停車,各駅停車,,,かくえきていしゃ,"Local train, train stopping at every station",32
174,学者,学者,,,がくしゃ,"scholar, academic, scientist",62
175,確認,確認,,,かくにん,Confirmation,"34, 48, 54"
176,学年,学年,,,がくねん,Grade in school,61
177,学費,学費,,,がくひ,Tuition fee,62
178,学部,学部,,,がくぶ,"Faculty, department (at a university)",62
179,かけ算,かけ算,,,かけざん,Multiplication,61
180,籠+,籠,,,かご,Basket,48
181,賢い,賢い,,,かしこい,"Wise, clever","22, 80"
182,ガスコンロ,ガスコンロ,,,ガスコンロ,Gas stove,12
183,ガスレンジ,ガスレンジ,,,ガスレンジ,Gas range,12
184,稼ぐ,稼ぐ,,,かせぐ,"to earn (income), to make (money)",67
185,片付く＊,片付く,,,かたづく,"to be put in order, to be solved",18
186,片付ける＊,片付ける,,,かたづける,"To tidy up, to organize",18
187,片道,片道,,,かたみち,One way,31
188,課長,課長,,,かちょう,"Section manager, section chief",76
189,学科,学科,,,がっか,Department (at a university),62
190,がっかり＊＊,がっかり,,,がっかり,Feel disappointed,94
191,学期,学期,,,がっき,"School term, semester",60
192,格好良い＊,格好良い,,,かっこいい,"Cool, handsome",80
193,格好悪い＊,格好悪い,,,かっこわるい,"Uncool, unattractive",80
194,～カップ,～カップ,,,～かっぷ,Cup (measurement),14
195,可也,可也,大分、相当,②この問題は可也①大きい家②難しい。,かなり,"considerably, fairly, quite",92
196,彼女,彼女,,,かのじょ,Girlfriend,45
197,黴+,黴,を生える,,かび,"Mold, mildew",86
198,被せる,被せる,物を,誇りがかからないように上に布を被せる～て置いた。,かぶせる,"To cover, to put on top",15
199,花粉症,花粉症,,,かふんしょう,"Hay fever, pollinosis (allergy to pollen)",83
200,我慢,我慢,,痛みを我慢する。,がまん,"endurance, patience, perseverance",83
201,噛む,噛む,鼻を,,かむ,"to bite, to chew",82
202,画面,画面,,,がめん,"A screen (of a TV, computer, etc.)",68
203,科目,科目,,,かもく,Subject (in school),60
204,痒い,痒い,目が,,かゆい,itchy,82
205,柄+,柄,,,がら,"Pattern, design",48
206,辛い①,辛い,,,からい,"spicy, hot",17
207,がらがら＊＊,がらがら,①空っぽ,①電車の中に②壁は大きな音をたててがらがら①だ。②と倒れた。③with a gargle​,がらがら,①(almost) empty ②with a clatter,32
208,ガラス,ガラス,,テーブルの上にキレイなガラスの花瓶があります。,ガラス,Glass,12
209,空っぽ,空っぽ,何も入っていない,,からっぽ,"empty, vacant, hollow",32
210,彼+,彼,,,かれ,"Boyfriend, he",45
211,彼氏,彼氏,,,かれし,Boyfriend,45
212,枯れる,枯れる,,,かれる,"To wither (become dry and shriveled) (of a plant), to be blasted, to die",86
213,カロリー,カロリー,,,カロリー,Calorie,14
214,皮+,皮,,,かわ,"Skin, leather",15
215,可愛がる＊,可愛がる,,,かわいがる,"to be affectionate to, to treat tenderly",22
216,可哀想(な),可哀想,,,かわいそう,"Pitiful, poor thing",22
217,可愛らしい＊,可愛らしい,,,かわいらしい,"Cute, lovely",22
218,乾かす,乾かす,,,かわかす,To dry (something),"20, 46"
219,乾く,乾く,,,かわく,To dry (become dry),20
220,歓迎会,歓迎会,,,かんげいかい,Welcome party,52
221,看護師,看護師,,,かんごし,Nurse,82
222,元日,元日,,,がんじつ,First day of the year,28
223,患者,患者,,,かんじゃ,Patient,82
224,勘定,勘定,,,かんじょう,"Bill, check (in a restaurant)",54
225,乾燥機,乾燥機,,,かんそうき,Dryer,20
226,元旦,元旦,,,がんたん,New Year's Day,28
227,カンニング,カンニング,,,カンニング,Cheating on a test,65
228,乾杯,乾杯,,,かんぱい,"Cheers, toast",52
229,完了,完了,,,かんりょう,"Completion, conclusion",71
230,キー,キー,,,キー,Key,34
231,キーボード,キーボード,,,キーボード,Keyboard,68
232,気がある＊,気がある,,,きがある,"To be interested in, to have feelings for",44
233,着替え＊,着替え,,,きがえ,Change of clothes,47
234,着替える＊,着替える,,,きがえる,To change clothes,47
235,聞き取り＊,聞き取り,,,ききとり,Listening comprehension,64
236,聞き取る＊,聞き取る,,,ききとる,"to catch (someone's words), to make out",64
237,聞き直す＊,聞き直す,,,ききなおす,"To ask again, to hear again",64
238,効く,効く,,この薬は熱によく効く～ます。,きく,"To be effective, to take effect",13
239,期限,期限,ここからここまでの時間,,きげん,"Deadline, time limit",65
240,刻む,刻む,,,きざむ,"To chop, to mince",15
241,傷+,傷,,,きず,"Wound, injury",83
242,きちんと＊＊,きちんと,ちゃんと,洋服をきちんと畳む。,きちんと,"properly, accurately, exactly",94
243,きつい＊＊,きつい,,,きつい,"tough, hard, severe","48, 66"
244,喫煙席,喫煙席,,,きつえんせき,"Smoking area, smoking section",50
245,キッチン,キッチン,,,キッチン,Kitchen,12
246,気に入る＊,気に入る,to describe the availability or accessibility of something,この靴は安いなので、とても気に入る～ている。,きにいる,"To be pleased with, to like","44, 48"
247,気になる＊,気になる,,,きになる,"to weigh on one's mind, to bother one",44
248,記入,記入,"Polite, 書く",ご記入する,きにゅう,"entry, filling in","38, 64"
249,希望,希望,,,きぼう,"hope, wish",62
250,決まる,決まる,,,きまる,"to be decided, to be settled",50
251,気持ちが悪い＊,気持ちが悪い,,,きもちがわるい,"unpleasant, feeling sick","82, 86"
252,キャッシュカード,キャッシュカード,,,キャッシュカード,cash card,38
253,キャンセル,キャンセル,,,キャンセル,"cancellation, to cancel",28
254,休暇,休暇,,,きゅうか,"holiday, day off",28
255,休学,休学,,,きゅうがく,temporary absence from school,63
256,急行,急行,,,きゅうこう,express train,32
257,給食,給食,,,きゅうしょく,school lunch,60
258,急ブレーキ,急ブレーキ,,,きゅうぶれーき,emergency brake,35
259,給料,給料,,,きゅうりょう,"salary, wages","38, 66"
260,教科,教科,,,きょうか,subject (in school),60
261,行儀,行儀,,,ぎょうぎ,"manners, behavior",22
262,教師,教師,,,きょうし,teacher,76
263,教授,教授,,,きょうじゅ,professor,62
264,行列,行列,,,ぎょうれつ,"line, queue",50
265,嫌い,嫌い,,,きらい,"dislike, hatred",44
266,嫌われる,嫌われる,,,きらわれる,to be disliked,44
267,限り限り,限り限り,,,ぎりぎり,"just barely, only just, at the last moment​",96
268,切る,切る,,,きる,To cut (Dictionary form),"13, 16"
269,気をつける＊,気をつける,,,きをつける,"to be careful, to pay attention",37
270,禁煙席,禁煙席,,,きんえんせき,non-smoking seat,50
271,緊張,緊張,どきどきする,,きんちょう,"Tension, strain, nervousness",102
272,勤務,勤務,,,きんむ,"Service, duty, work",66
273,具合,具合,,,ぐあい,"condition, health",82
274,クーラー,クーラー,,,クーラー,"Cooler, air cooler",13
275,腐る,腐る,,,くさる,to rot,86
276,嚏+,嚏,,,くしゃみ,sneeze,84
277,崩す,崩す,,,くずす,"to destroy, to demolish, to pull down",54
278,崩れる,崩れる,,,くずれる,"to collapse, to crumble",86
279,癖+,癖,がつく,,くせ,"habit, tendency",84
280,下らない,下らない,小説,,くだらない,"worthless, nonsensical",87
281,下り,下り,,,くだり,downhill,30
282,下る,下る,,,くだる,"to go down, to descend",30
283,唇+,唇,,,くちびる,lips,46
284,口紅,口紅,,,くちべに,lipstick,46
285,ぐっすり＊＊,ぐっすり,,,ぐっすり,sound asleep,94
286,首になる＊,首になる,,,くびになる,"to be sacked, to be fired",67
287,汲む,汲む,"酌む- to pour (sake), to serve",,くむ,"to draw (water), to ladle, to scoop up",18
288,グラス,グラス,,,グラス,glass (for drinking),53
289,クリーニング,クリーニング,,,クリーニング,cleaning (laundry or dry cleaning),20
290,くり返し,くり返し,,,くりかえし,"repetition, doing something over and over",64
291,くり返す,くり返す,,,くりかえす,to repeat,64
292,クリック,クリック,,スタートボタンをクリックする,クリック,click,68
293,苦しい,苦しい,,,くるしい,"Painful, difficult, tough",82
294,苦しむ,苦しむ,,,くるしむ,"to suffer, to endure",82
295,包む②,包む,,,つつむ,to wrap,15
296,暮れ,暮れ,,,くれ,year-end,28
297,クレジットカード,クレジットカード,,,クレジットカード,credit card,54
298,加える,加える,,,くわえる,"to add, to include",16
299,詳しい,詳しい,,,くわしい,"detailed, full, minute",87
300,経済学,経済学,,,けいざいがく,economics,62
301,経済学部,経済学部,,,けいざいがくぶ,faculty of economics,62
302,計算,計算,,,けいさん,calculation,61
303,携帯電話,携帯電話,,,けいたいでんわ,mobile phone,33
304,下車,下車,,,げしゃ,"getting off (a train, bus, etc.)",32
305,下旬,下旬,,,げじゅん,latter part of the month,28
306,削る,削る,鉛筆を,,けずる,"to shave, to trim",61
307,ケチ(な)＊＊,ケチ(な),,,ケチ,"stinginess, shabby, cheap",81
308,結果,結果,,,けっか,"Result, outcome, effect",65
309,結局,結局,,,けっきょく,"after all, in the end",92
310,結構,結構,副詞,,けっこう,"fine, splendid",92
311,欠席,欠席,,,けっせき,absence (from school or work),60
312,げっぷ＊＊,げっぷ,,,げっぷ,burp,84
313,月末,月末,,,げつまつ,end of the month,28
314,煙い,煙い,,,けむい,smoky,53
315,煙たい,煙たい,,,けむたい,"smoky, irritating smoke",53
316,煙+,煙,,,けむり,smoke,52
317,険しい,険しい,X 緩やかな坂道、山、(苦しんでいる、厳しい),,けわしい,"steep, difficult",86
318,喧嘩,喧嘩,,,けんか,"fight, argument",44
319,現金,現金,,,げんきん,cash,54
320,言語学,言語学,,,げんごがく,linguistics,62
321,件名,件名,,,けんめい,"subject (of a letter, email, etc.)",70
322,濃い,濃い,,,こい,"dark, strong (e.g., color, flavor)",17
323,恋+,恋,,,こい,"love, romantic feelings",44
324,恋人,恋人,,,こいびと,"lover, sweetheart",45
325,コインランドリー,コインランドリー,,,コインランドリー,coin laundry,20
326,硬貨,硬貨,1円、5円、10円。。。,,こうか,coin,38
327,合格,合格,,,ごうかく,"passing (an exam), success",62
328,合格発表,合格発表,,,ごうかくはっぴょう,announcement of exam results,62
329,後期,後期,,,こうき,latter half of the year/term,60
330,講義,講義,,,こうぎ,lecture,"62, 63"
331,公共料金,公共料金,,,こうきょうりょうきん,public utilities charge,38
332,合計,合計,,,ごうけい,"Sum total, total amount",61
333,高校生,高校生,,,こうこうせい,high school student,76
334,口座,口座,,,こうざ,account (e.g. bank),38
335,交際,交際,≈付き合う,,こうさい,"socializing, companionship",44
336,交差点,交差点,,,こうさてん,"intersection, crossing",36
337,工事中,工事中,,,こうじちゅう,under construction,36
338,高速,高速,,高速道路,こうそく,highway,35
339,事故,事故,交通,,じこ,accident,37
340,交通費,交通費,,,こうつうひ,traveling expenses,"55, 66"
341,後輩,後輩,,,こうはい,"junior (at work, school, etc.), younger people",76
342,公立,公立,,,こうりつ,"public (e.g., public school)",60
343,越える,越える,,,こえる,"to exceed, to cross over",36
344,コード,コード,,,コード,"Cord, cable",12
345,コーヒーカップ,コーヒーカップ,,,コーヒーカップ,Coffee cup,12
346,氷+,氷,,寒い冬の日には湖の表面が氷で覆われます。,こおり,Ice,12
347,凍る,凍る,,寒い冬の夜、水が凍る～ます。,こおる,To freeze,12
348,国語,国語,,,こくご,Japanese language,60
349,国内,国内,,,こくない,"domestic, within the country",29
350,国立,国立,,,こくりつ,national,60
351,焦げる,焦げる,,,こげる,"to burn (food), to be scorched",16
352,小さじ,小さじ,,,こさじ,teaspoon,14
353,腰+,腰,,,こし,"waist, lower back",82
354,ご主人,ご主人,,,ごしゅじん,(someone else's) husband,78
355,胡椒,胡椒,,,こしょう,pepper,16
356,擦る①,擦る,物を他の物に強く押し当てたまま動かすこと,目を手のひらで擦る。,こする,"to rub, to scrub","18, 82"
357,子育て＊,子育て,,,こそだて,"Child raising, parenting",22
358,小包,小包,,,こづつみ,"parcel, package",39
359,子ども連れ＊,子ども連れ,,,こどもづれ,with a child,50
360,断る,断る,,,ことわる,"to refuse, to decline",45
361,好み,好み,,,このみ,"liking, preference",48
362,好む,好む,,,このむ,"to like, to prefer",48
363,零す,零す,,,こぼす,to spill,"18, 52"
364,零れる,零れる,,ミルクが零れる～ている,こぼれる,"To spill, to fall out of, to overflow","18, 52"
365,凝る,凝る,肩に,,こる,to become stiff (of muscles),84
366,今学期,今学期,,,こんがっき,this semester,60
367,混雑,混雑,,,こんざつ,"congestion, crowding",32
368,コンセント,コンセント,,スマートフォンを充電するためにコンセントを使います。,コンセント,"Electric outlet, socket",12
369,混んでいる,混んでいる,,,こんでいる,to be crowded,36
370,コンビニ,コンビニ,,,コンビニ,convenience store,66
371,祭日,祭日,,,さいじつ,public holiday,28
372,サイズ,サイズ,,,サイズ,size,48
373,サイドミラー,サイドミラー,,,サイドミラー,side mirror,34
374,採用,採用,,,さいよう,"Use, adoption, acceptance",100
375,材料,材料,,,ざいりょう,"ingredients, materials",15
376,サイン,サイン,,,サイン,sign (signature),38
377,探す,探す,,,さがす,"to search, to look for",66
378,下がる,下がる,,,さがる,"to drop, to fall","32, 102"
379,一昨昨日,一昨昨日,,,さきおととい,three days ago,28
380,咲く,咲く,,,さく,to bloom,86
381,昨日①,昨日,,,きのう,yesterday,28
382,削除,削除,,不要なファイルを削除しました。 ,さくじょ,"deletion, elimination, striking out",70
383,昨年,昨年,,,さくねん,last year,28
384,酒,酒,,,さけ,"alcohol, sake","14, 52"
385,下げる,下げる,,,さげる,"to lower, to hang down","50, 102"
386,差出人,差出人,,,さしだしにん,sender,70
387,差出人名,差出人名,,,さしだしにんめい,sender's name,39
388,座席,座席,,,ざせき,seat,30
389,誘う,誘う,,,さそう,"to invite, to ask (someone to do something)",44
390,札①,札,,,さつ,"banknote, bill, note","38, 54"
391,ざっと＊＊,ざっと,,,ざっと,"roughly, briefly",95
392,さっぱり＊＊,さっぱり,x すっきり,,さっぱり,"feeling refreshed, completely",94
393,錆びる,錆びる,～た包丁,,さびる,to rust,86
394,サボる＊＊,サボる,,,サボる,"to skip, to play hooky",63
395,様々,様々,な商品,,さまざま,"various, diverse",97
396,冷ます,冷ます,,,さます,to cool (something down),16
397,冷める,冷める,,,さめる,"to cool down, to become cold",16
398,再来月,再来月,,,さらいげつ,month after next,28
399,再来週,再来週,,,さらいしゅう,week after next,28
400,再来年,再来年,,,さらいねん,year after next,28
401,サラダ油,サラダ油,,,さらだゆ,"salad oil, vegetable oil",14
402,サラリーマン,サラリーマン,,,サラリーマン,"salaryman, office worker",76
403,騒がしい,騒がしい,,,さわがしい,noisy,52
404,騒ぐ,騒ぐ,,,さわぐ,"to make noise, to make racket",52
405,触る,触る,初めてパソコンを,,さわる,"To touch, to feel",68
406,参加,参加,,彼はサッカーの試合に参加しました。,さんか,participation,69
407,算数,算数,,,さんすう,arithmetic,60
408,三男,三男,,,さんなん,third son,76
409,散歩,散歩,,,さんぽ,"walk, stroll",23
410,仕上がる＊,仕上がる,,終わる (を仕上げる ≈終わらせる) 仕上がる①クリーニングの仕上がりはいつですか。②ケーキの仕上げに苺を載せる,しあがる,"to be finished, to be completed",20
411,仕上げる＊,仕上げる,,このプロジェクトを仕上げるのにまだ時間がかかります。,しあげる,"to finish up, to complete",64
412,明々後日,明々後日,,,しあさって,the day after tomorrow,28
413,シートベルト,シートベルト,,,シートベルト,seatbelt,34
414,ジーンズ,ジーンズ,,,ジーンズ,jeans,21
415,塩からい,塩からい,,,しおからい,salty,17
416,仕送り＊,仕送り,,彼は大学での生活費のために仕送りをもらっています。,しおくり,"allowance, remittance",39
417,時間割,時間割,,,じかんわり,"timetable, schedule",60
418,時給,時給,,,じきゅう,"Hourly pay, hourly wage",66
419,敷く,敷く,,絨毯を床に敷く～て、部屋を暖かくしました。,しく,"To spread, lay down (eg, a carpet)",13
420,時刻,時刻,,,じこく,"Time, (the) hour",30
421,時刻表,時刻表,,,じこくひょう,"timetable, schedule",30
422,自習,自習,,,じしゅう,self-study,61
423,次女,次女,,,じじょ,second daughter,76
424,沈む,沈む,,太陽が沈む～で、夜がやってきました。,しずむ,"To sink, to go under, to submerge",86
425,時速,時速,,,じそく,speed (per hour),36
426,下書き＊,下書き,,,したがき,"rough draft, draft",65
427,下着,下着,,,したぎ,underwear,46
428,支度,支度,,,したく,"preparation, getting ready",46
429,親しい,親しい,,彼は私にとって親しい友達です。,したしい,"Close (e.g. Friend), familiar",86
430,確り,確り,,,しっかり,"firmly, steadily",94
431,執拗い＊,執拗い,,,しつようい,"persistent, tenacious",81
432,凝乎と＊,凝乎と,,,しょうとくと,"intently, with concentration",95
433,尻尾,尻尾,,,しっぽ,tail,22
434,指定,指定,,,してい,"Specifications, designation",30
435,指定席,指定席,,,していせき,reserved seat,30
436,私鉄,私鉄,,,してつ,private railway,30
437,支店,支店,,,してん,Branch store,38
438,品物,品物,,,しなもの,"Goods, article","48, 69"
439,次男,次男,,,じなん,second son,76
440,始発,始発,,,しはつ,first train of the day,32
441,始発駅,始発駅,,,しはつえき,first station of a train line,32
442,支払い#,支払い#,,,しはらい,A payment,38
443,支払う＊,支払う,,,しはらう,To pay,38
444,痺れる,痺れる,足が,,しびれる,"to go numb, to become paralyzed",84
445,紙幣,紙幣,,,しへい,"paper money, note",38
446,絞る,絞る,,,しぼる,"to squeeze, to wring out",18
447,縞+,縞,,,しま,stripe,48
448,姉妹,姉妹,,,しまい,sisters,77
449,地味,地味,,,じみ,"Plain, boring",48
450,事務,事務,,,じむ,"office work, business",66
451,締め切り＊,締め切り,,,しめきり,"Last date (submission), deadline, closing",98
452,締め切る＊,締め切る,,,しめきる,"to close (e.g., applications), to set a deadline",98
453,湿る,湿る,濡れた感じにする,,しめる,"to be damp, to be wet",20
454,締める,締める,シートベルトを,,しめる,"to tie, to fasten",34
455,社会,社会,,,しゃかい,society,60
456,蛇口,蛇口,,手を洗うために蛇口をひねってください。,じゃぐち,Tap (valve)​,12
457,車掌,車掌,,,しゃしょう,conductor (on a train or bus),"30, 33"
458,借金,借金,,,しゃっきん,debt,55
459,吃逆,吃逆,,,しゃっくり,hiccup,84
460,車内アナウンス,車内アナウンス,,,しゃないアナウンス,in-train announcement,33
461,杓文字,杓文字,,,しゃくもじ,ladle,16
462,シャワー,シャワー,,,シャワー,shower,46
463,従業員,従業員,,,じゅうぎょういん,"employee, worker",66
464,ジュース,ジュース,,,ジュース,juice,18
465,自由席,自由席,,,じゆうせき,unreserved seat,30
466,渋滞,渋滞,,,じゅうたい,"traffic jam, congestion",36
467,絨毯,絨毯,,絨毯の柄がとても美しいです。,じゅうたん,"Rug, carpet","12, 13"
468,終点,終点,,,しゅうてん,"terminal, last stop",32
469,終電,終電,,,しゅうでん,last train (of the day),32
470,授業料,授業料,,,じゅぎょうりょう,tuition fee,62
471,祝日,祝日,,,しゅくじつ,public holiday,28
472,宿泊,宿泊,,,しゅくはく,"lodging, accommodation",29
473,受験,受験,,,じゅけん,taking an exam,62
474,手術,手術,,彼は成功した心臓手術を受けました。,しゅじゅつ,"Surgery, operation",83
475,受信,受信,,,じゅしん,"Receiving (a message, letter, email, etc.)",70
476,出身,出身,,,しゅっしん,"one's origin, where one is from",78
477,出席,出席,,,しゅっせき,attendance,60
478,出品,出品,,,しゅっぴん,"exhibiting, displaying for sale",69
479,主婦,主婦,,,しゅふ,housewife,76
480,純粋(な),純粋,,,じゅんすい,"Pure, genuine, unadulterated",80
481,使用,使用,,,しよう,"Application, use",33
482,奨学金,奨学金,,,しょうがくきん,scholarship,62
483,小学生,小学生,,,しょうがくせい,elementary school student,76
484,定規,定規,,,じょうぎ,ruler,61
485,消極的,消極的,,,しょうきょくてき,"passive, negative",80
486,上司,上司,,,じょうし,"(one's) superior, (one's) boss",76
487,正直(な),正直,,,しょうじき,"honest, straightforward",80
488,乗車券,乗車券,,,じょうしゃけん,train ticket,31
489,乗車,乗車,,,じょうしゃ,riding a vehicle,32
490,上旬,上旬,,,じょうじゅん,first 10 days of the month,28
491,少々,少々,,,しょうしょう,"a little, a small amount",14
492,症状,症状,,,しょうじょう,"symptoms, condition (of a patient)",83
493,商品,商品,,,しょうひん,"product, merchandise",39
494,職場,職場,,,しょくば,workplace,76
495,食費,食費,,,しょくひ,Food expenses,55
496,食品,食品,,,しょくひん,food products,14
497,助手席,助手席,,,じょしゅせき,"passenger seat, assistant's seat",34
498,初旬,初旬,,,しょじゅん,early part of the month,28
499,初心者,初心者,,,しょしんしゃ,beginner,68
500,食器,食器,,,しょっき,Tableware,"18, 50"
501,白髪,白髪,,,しらが,white or gray hair,84
502,お尻,お尻,,,おしり,"bottom, buttocks",22
503,知り合い＊,知り合い,,,しりあい,acquaintance,98
504,知り合う＊,知り合う,,,しりあう,to get to know each other,98
505,私立,私立,,,しりつ,Private (Establishment),60
506,皺+,皺,,,しわ,wrinkle,"21, 84"
507,進学,進学,,,しんがく,"going on to university, advancing in education",62
508,新幹線,新幹線,,,しんかんせん,bullet train,30
509,新規作成,新規作成,,,しんきさくせい,"creating anew, making from scratch",70
510,信号,信号,,,しんごう,traffic light,"36, 37"
511,信号無視,信号無視,,,しんごうむし,"running a red light, ignoring a traffic signal",37
512,診察,診察,,,しんさつ,Medical examination,83
513,新製品,新製品,,,しんせいひん,new product,68
514,親せき,親せき,,,しんせき,relatives,77
515,新品,新品,,,しんぴん,"new, brand-new",68
516,親友,親友,,彼女は私の親友です。,しんゆう,"Close friend, buddy",86
517,心理学,心理学,,,しんりがく,psychology,62
518,親類,親類,,,しんるい,relatives,77
519,酢+,酢,,,す,vinegar,14
520,スイッチ,スイッチ,,,スイッチ,Switch,13
521,炊飯器,炊飯器,,,すいはんき,rice cooker,16
522,図々しい,図々しい,,,ずうずうしい,"impudent, shameless",81
523,末っ子＊,末っ子,,,すえっこ,youngest child,"76, 77"
524,好かれる,好かれる,,,すかれる,to be liked,44
525,好き(な),好き,,,すき,"liking, preference",44
526,スケジュール,スケジュール,,,スケジュール,schedule,28
527,スタートボタン,スタートボタン,,,スタートボタン,start button,68
528,頭痛,頭痛,,,ずつう,headache,82
529,すっかり＊＊,すっかり,,,すっかり,"completely, thoroughly",94
530,すっきり＊＊,すっきり,心、邪魔な物がなく、気持ちいい様子,妻の誕生日はすっきり忘れていた。,すっきり,"refreshed, neat and tidy",94
531,酸っぱい,酸っぱい,,,すっぱい,sour,17
532,ストレス,ストレス,,,ストレス,stress,84
533,素直(な),素直,,彼女はとても素直で、嘘をつかない。,すなお,"obedient, honest",80
534,スピード,スピード,,,スピード,speed,37
535,スマート(な),スマート,,,スマート,"smart, stylish",80
536,住まい＃,住まい,,,すまい,"dwelling, residence",78
537,済ます,済ます,,,すます,"to finish, to settle",67
538,済ませる,済ませる,,,すませる,"to settle, to finish","54, 67"
539,済む,済む,,,すむ,"To finish, to end, to be completed",65
540,ずらす＊＊,ずらす,,,ずらす,"to shift, to move",28
541,為る,為る,,,する,"to do, to perform",18
542,狡い,狡い,,,ずるい,"sly, cunning, sneaky",81
543,鋭い,鋭い,,,するどい,"sharp, keen",86
544,生活費,生活費,,,せいかつひ,living expenses,55
545,請求書,請求書,,,せいきゅうしょ,"A bill, invoice",54
546,精算,精算,,,せいさん,"settling accounts, adjustment",32
547,政治学,政治学,,,せいじがく,political science,62
548,清書,清書,,,せいしょ,"fair copy, clean copy",65
549,成績,成績,,彼女の成績は良くなりました。 ,せいせき,"grades, results",63
550,贅沢(な),贅沢,朝日 コーヒー,,ぜいたく,"luxury, extravagance",54
551,成長,成長,,,せいちょう,"growth, development",22
552,整理,整理,,,せいり,"arrangement, organization",70
553,セール,セール,,,セール,sale,49
554,咳+,咳,,,せき,cough,84
555,積極的(な),積極的,,彼は積極的に問題を解決しようとしています。,せっきょくてき,"Positive, active, aggressive​",80
556,節約,節約,,,せつやく,"Economising, saving",55
557,是非,是非,①是非とも(強調) ②〜てください、〜たい,①日本の友達に是非②お越しください。①一度私の国へ遊びに来てほしいと思う。,ぜひ,"certainly, without fail",93
558,是非とも＊,是非とも,,,ぜひとも,"by all means, definitely",93
559,ゼミ,ゼミ,,,ゼミ,seminar,62
560,前期,前期,,,ぜんき,first half of the year or term,60
561,専攻,専攻,,,せんこう,major (in college),62
562,洗剤,洗剤,,,せんざい,"detergent, cleaning agent",20
563,先日,先日,,,せんじつ,"the other day, a few days ago","28, 78"
564,先々月,先々月,,,せんせんげつ,month before last,28
565,先々週,先々週,,,せんせんしゅう,week before last,28
566,洗濯物,洗濯物,,,せんたくもの,laundry,20
567,センチ,センチ,,,センチ,centimeter,15
568,先輩,先輩,,,せんぱい,"senior (at work or school), superior",76
569,線路,線路,,,せんろ,railway track,36
570,雑巾,雑巾,,,ぞうきん,"cleaning cloth, mop",18
571,送金,送金,,,そうきん,"remittance, sending money",39
572,掃除機,掃除機,,,そうじき,vacuum cleaner,18
573,送信,送信,,,そうしん,"transmission, sending","70, 71"
574,送信者,送信者,,,そうしんしゃ,sender,71
575,騒々しい,騒々しい,,,そうぞうしい,"noisy, loud",52
576,挿入,挿入,,,そうにゅう,"insertion, incorporation",70
577,送別会,送別会,,,そうべつかい,farewell party,52
578,送料,送料,,,そうりょう,"postage, shipping charge",39
579,速達,速達,,,そくたつ,express mail,39
580,注ぐ①,注ぐ,"not only liquids but also feelings, effort",愛を彼に注ぐ。,そそぐ,to pour,52
581,育つ,育つ,,,そだつ,"to be raised, to grow up",22
582,卒業式,卒業式,,,そつぎょうしき,graduation ceremony,60
583,そっくり＊＊,そっくり,似ている,,そっくり,"all, entirely",94
584,そっと＊＊,そっと,優しくする、一人にしておく、静かに〜する,壊れないようにそっと置いてください。,そっと,"quietly, gently",95
585,袖+,袖,,,そで,sleeve,20
586,袖なし,袖なし,,,そでなし,sleeveless,48
587,外側,外側,,,そとがわ,"outside, exterior",32
588,ソファー,ソファー,,,ソファー,sofa,18
589,ソフト(ウェア),ソフト(ウェア),,,ソフトウェア,software,68
590,染める,染める,髪を,,そめる,to dye,85
591,剃る,剃る,,,そる,to shave,46
592,揃う,揃う,,クラス全員が揃う～たので出発しましょう。,そろう,"to become complete, to be all present",50
593,揃える,揃える,必要な物を集まる,,そろえる,"to collect, to gather, to get together",19
594,そろそろ＊＊,そろそろ,始めましょう。,,そろそろ,"Soon, before long, any time now",97
595,損+,損,,,そん,"loss, disadvantage",49
596,体育,体育,,,たいいく,physical education,60
597,ダイエット,ダイエット,,,ダイエット,diet,84
598,大学生,大学生,,,だいがくせい,college student,76
599,代金,代金,,,だいきん,"Price, cost, charge",39
600,大したことがない＊,大したことがない,,,たいしたことがない,"nothing serious, not a big deal",83
601,体重,体重,,彼女の体重は増えました。,たいじゅう,Body weight,84
602,大抵(な),大抵,,大抵外食します,たいてい,"mostly, usually",92
603,態度,態度,,,たいど,"Attitude, manner, behaviour",22
604,台布巾,台布巾,,,だいぶきん,table-wiping cloth,18
605,タイヤ,タイヤ,,,タイヤ,tire,35
606,倒す,倒す,,,たおす,"to knock down, to overthrow",53
607,タオル,タオル,,,タオル,towel,20
608,倒れる,倒れる,,,たおれる,"to fall down, to collapse",53
609,炊く,炊く,,,たく,to cook (rice),16
610,抱く①,抱く,,,だく,to hold in one's arms (e.g. a baby),22
611,確かめる,確かめる,,,たしかめる,"to confirm, to verify",48
612,足し算＊,足し算,,,たしざん,addition,61
613,足す,足す,,,たす,to add,61
614,出す,出す,,,だす,"to take out, to hand in","61, 100"
615,只+,只,無料、普通,,ただ,"ordinary, common, usual​",50
616,叩く①,叩く,お尻を,,たたく,"to strike, to hit, to beat",22
617,畳む,畳む,,旅行に行くので洋服を畳む～でスーツケースに入れた。,たたむ,to fold,20
618,立ち上がる＊,立ち上がる,,,たちあがる,to stand up,98
619,立ち止まる＊,立ち止まる,,,たちどまる,"to stop (walking), to stand still",98
620,抱っこ,抱っこ,,,だっこ,"hug, carrying in one's arms (a baby, pet, doll, etc.)​",22
621,食べ放題＊,食べ放題,,,たべほうだい,all-you-can-eat,52
622,玉+,玉,,,たま,"ball, sphere",38
623,偶々,偶々,,偶々高校時代の友人に会った。,たまたま,"Occasionally, once in a while",97
624,偶に,偶に,,偶に映画に行きます。,たまに,"occasionally, sometimes",92
625,溜まる,溜まる,,ゴミ/ ストレスを溜まる,たまる,"to collect, to gather, to save","18, 20, 84"
626,溜め息＊,溜め息,,,ためいき,sigh,84
627,溜める,溜める,,,ためる,"to accumulate, to store","20, 38"
628,だらし無い＊,だらし無い,,,だらしない,"slovenly (appearance, work, etc.), sloppy",81
629,足りない,足りない,,,たりない,"not enough, insufficient",55
630,足りる,足りる,,,たりる,"to be enough, to be sufficient",55
631,単位,単位,,,たんい,"credit (in school), unit","62, 63"
632,段々,段々,少しずつ変わる,①子供が段々①大きくなります。②寒くなりました。,だんだん,"gradually, by degrees",96
633,担当,担当,,,たんとう,"in charge, person in charge",64
634,暖房,暖房,,寒い冬には暖房が必要です。,だんぼう,Heating,13
635,チーズ,チーズ,,,チーズ,cheese,52
636,チェック,チェック,,,チェック,check,70
637,近道,近道,,学校へ行くためには近道があります。,ちかみち,Shortcut,36
638,痴漢,痴漢,に遭う,電車内での痴漢は問題とされています。,ちかん,"molester, groper, pervert",33
639,遅刻,遅刻,,,ちこく,"Lateness, late coming",63
640,縮む,縮む,,,ちぢむ,"to shrink, to contract",21
641,ちゃんと＊＊,ちゃんと,,,ちゃんと,"properly, correctly",94
642,中学生,中学生,,,ちゅうがくせい,middle school student,76
643,中古,中古,,,ちゅうこ,"Second-hand, used",68
644,注射,注射,,,ちゅうしゃ,"injection, shot",83
645,駐車違反,駐車違反,,,ちゅうしゃいはん,illegal parking,37
646,中旬,中旬,,,ちゅうじゅん,middle 10 days of the month,28
647,昼食,昼食,,,ちゅうしょく,lunch,50
648,注文,注文,,,ちゅうもん,"order (e.g., at a restaurant)",50
649,調子,調子,,,ちょうし,"condition, shape",82
650,調整,調整,,,ちょうせい,"adjustment, regulation",28
651,長男,長男,,,ちょうなん,eldest son,76
652,長女,長女,,,ちょうじょ,eldest daughter,76
653,調味料,調味料,,この料理にはいくつかの調味料が必要です。,ちょうみりょう,"Seasoning, spices, flavouring",14
654,貯金,貯金,,,ちょきん,savings,38
655,散らかす,散らかす,,,ちらかす,"to scatter, to mess up",18
656,散らかる,散らかる,,,ちらかる,"to be in disorder, to be scattered",18
657,塵取り＊,塵取り,,,ちりとり,dustpan,18
658,散る,散る,,,ちる,"to fall (leaves), to scatter",86
659,追加,追加,,料理が足りなかったので追加した。,ついか,"addition, supplement",50
660,付いて行く＊,付いて行く,,先生のあとを付いて行く＊,ついていく,"to accompany, to follow, to keep up with",23
661,付いていない＊,付いていない,,,ついていない,"not attached, not included",65
662,付いている＊,付いている,,,ついている,"attached, included",64
663,遂に,遂に,色々あって、長い時間がかかって,①長い間かかったが、②3年間彼女のことを考えて遂に①最後に彼女できました。②結婚した。④絵が完成した。,ついに,"finally, at last​",92
664,通学,通学,,,つうがく,commuting to school,60
665,通過,通過,,,つうか,passing through,32
666,通勤,通勤,regular travel between one's home and workplace,彼は毎日、電車で通勤しています。,つうきん,Commuting to work,"32, 60"
667,通行止め＊,通行止め,,,つうこうどめ,"road closure, no entry",36
668,通帳,通帳,,,つうちょう,bankbook,38
669,通帳記入,通帳記入,,,つうちょうきにゅう,entering in a bankbook,38
670,通訳,通訳,,,つうやく,"interpretation, translator",66
671,通路側,通路側,,,つうろがわ,aisle side,30
672,捕まる,捕まる,,,つかまる,"To be caught, to be arrested​,",37
673,付き合い＊,付き合い,,,つきあい,"socializing, association, companionship",45
674,付き合う＊,付き合う,,,つきあう,"To associate with, to accompany someone","44, 45"
675,突き当たり＊,突き当たり,,,つきあたり,dead end,36
676,注ぐ②,注ぐ,the act of pouring a liquid from one container into another,お茶をコップに注ぐ。,つぐ,"to pour, to pour into",52
677,都合,都合,,,つごう,"Circumstances, convenience",44
678,繋がる,繋がる,"世界中を,心が",家族と離れていても、心が繋がる～ていると思いれば大丈夫です。,つながる,"to be tied together, to be connected to",69
679,繋ぐ,繋ぐ,手を,,つなぐ,"to connect, to link together","23, 69"
680,潰す,潰す,箱が,,つぶす,"to smash, to crush",86
681,潰れる,潰れる,箱が,,つぶれる,"to be crushed, to collapse",86
682,摘み,摘み,,,つまみ,"pinch, a small amount","52, 82"
683,詰まる,詰まる,鼻が,,つまる,"To be packed (with), to be full (space, schedule, etc.)",82
684,積む,積む,,,つむ,"to pile up, to load",34
685,爪+,爪,が伸びる,,つめ,"nail, claw",85
686,詰める,詰める,荷物を,,つめる,"to pack, to fill",29
687,積もる,積もる,,,つもる,"to accumulate, to pile up",18
688,辛い②,辛い,,,つらい,"painful, bitter, heart-breaking","66, 82"
689,釣り,釣り,,釣りは要らんよ。,つり,fishing,54
690,吊るす,吊るす,,,つるす,"to hang, to hang up",20
691,連れて行く＊,連れて行く,,,つれていく,to take (someone) along,23
692,連れる,連れる,,,つれる,to bring (someone),50
693,出会い＊,出会い,,,であい,"meeting, encounter",98
694,出会う＊,出会う,,,であう,"to meet, to encounter",98
695,定期券,定期券,,,ていき(けん),"commuter pass, season ticket",31
696,停車,停車,,,ていしゃ,stopping (of a train or vehicle),36
697,提出,提出,する,,ていしゅつ,"submission, presentation","64, 65"
698,停留所,停留所,,,ていりゅうじょ,bus stop,36
699,テーブル,テーブル,,,テーブル,table,18
700,出来上がり＊,出来上がり,,,できあがり,"completion, finish",17
701,出来上がる＊,出来上がる,,,できあがる,"to be completed, to be finished",17
702,デザート,デザート,,,デザート,dessert,50
703,デザイン,デザイン,,,デザイン,design,48
704,手数料,手数料,,,てすうりょう,"(handling) fee, charge (e.g. for a cancellation)",39
705,デスクトップ(パソコン),デスクトップ(パソコン),,,デスクトップ(パソコン),desktop (computer),68
706,出鱈目,出鱈目,に答える,,でたらめ,"nonsense, random",87
707,手袋,手袋,,,てぶくろ,gloves,47
708,出迎え＊,出迎え,,,でむかえ,"meeting, reception",98
709,出迎える＊,出迎える,,,でむかえる,"to meet, to greet",98
710,出る,出る,,,でる,"to leave, to exit",100
711,店員,店員,,,てんいん,"shop assistant, store clerk",66
712,電源,電源,,ソーラーパネルは太陽光から電源を供給します。,でんげん,"Power source, electricity",13
713,天井,天井,,この部屋の天井は高いです。,てんじょう,Ceiling,12
714,電子レンジ,電子レンジ,,電子レンジで食べ物を温めることができます。,でんしれんじ,Microwave oven,12
715,転送,転送,,,てんそう,"transfer (of a call, patient, etc.), forwarding (a letter, email, etc.)",70
716,添付,添付,,,てんぶ,"attaching (documents, etc.), appending",70
717,天ぷら油,天ぷら油,,,てんぷらあぶら,tempura oil,14
718,問い＃,問い,,,とい,"question, inquiry",64
719,問い合わせ＊,問い合わせ,,,といあわせ,"inquiry, inquiry call",98
720,問い合わせる＊,問い合わせる,,,といあわせる,"to enquire, to inquire",98
721,如何か,如何か,,如何かお願いします。,どうか,"how, in what way",93
722,到頭,到頭,,家の猫が到頭死んでしまった。,とうとう,"finally, at last",92
723,同僚,同僚,,,どうりょう,"coworker, colleague",76
724,道路,道路,,,どうろ,"road, highway",36
725,登録,登録,,新しいメンバーを登録しました。 ,とうろく,"Registration, entry, record",71
726,遠回り＊,遠回り,,,とおまわり,"detour, roundabout way",36
727,通り掛かる＊,通り掛かる,,,とおりかかる,to happen to pass by,98
728,通り過ぎる＊,通り過ぎる,,,とおりすぎる,"to pass by, to go by",98
729,溶かす,溶かす,,,とかす,"to melt, to dissolve",46
730,どきどき＊＊,どきどき,胸が、面接で,,どきどき,"thump-thump, bang-bang",96
731,髪を解く＊,髪を解く,解かす,,かみをとく,to comb hair,46
732,得(な),得,得する,彼は大きな成功を得ました。,とく,get,49
733,退く③,退く,,,どく,"to step aside, to move (i.e. out of the way)",18
734,得意(な),得意,,,とくい,"strong point, specialty",60
735,特売品,特売品,,,とくばいひん,"bargain goods, special sale items",49
736,退ける,退ける,,,どける,to put something out of the way,18
737,閉じる,閉じる,,,とじる,"to close, to shut",68
738,途端に＊,途端に,,途端に泣き出す,とたんに,"just (at the moment), right after",92
739,特急,特急,,,とっきゅう,limited express,32
740,特急券,特急券,,,とっきゅうけん,limited express ticket,31
741,特急料金,特急料金,,,とっきゅうりょうきん,limited express fare,31
742,突然,突然,,,とつぜん,suddenly,92
743,届く,届く,,,とどく,"to reach, to arrive",54
744,兎に角＊,兎に角,兎も角,言い訳などしないで、兎に角勉強しなさい。,とにかく,"anyway, at any rate",93
745,飛び込む＊,飛び込む,,,とびこむ,"to jump in, to plunge into",99
746,飛び出す＊,飛び出す,,,とびだす,"To jump out, to rush out",99
747,兎も角＊,兎も角,,,ともかく,"anyway, at any rate",93
748,ドライブ,ドライブ,,,ドライブ,drive (car),34
749,ドライヤー,ドライヤー,,,ドライヤー,hairdryer,46
750,トラック,トラック,,,トラック,truck,36
751,トランク,トランク,,,トランク,"trunk (of a car), suitcase",34
752,取り替える＊,取り替える,,,とりかえる,"to exchange, to replace",99
753,取り消し＊,取り消し,,,とりけし,"cancellation, withdrawal",99
754,取り消す＊,取り消す,,,とりけす,"to cancel, to withdraw","28, 99"
755,取り出す＊,取り出す,,ポケットから財布を取り出す～た。,とりだす,"to take out, to extract",99
756,問われる,問われる,,,とわれる,"to be asked, to be questioned",64
757,どんどん＊＊,どんどん,速く変わる,彼の日本語はどんどん上達している。,どんどん,"drumming (noise), beating, pounding",96
758,治す,治す,,,なおす,"to cure, to heal",83
759,仲+,仲,,,なか,"relationship, terms",44
760,ワイングラス,ワイングラス,,,ワイングラス,Wine glass,12
761,流し,流し,,食器を流しで洗ってください。,ながし,sink (e.g. in a kitchen),12
762,流す,流す,,,ながす,"to drain, to pour",84
763,長そで,長そで,,,ながそで,long sleeves,48
764,仲直り＊,仲直り,,,なかなおり,"reconciliation, making up (with), making peace (with)",44
765,仲間,仲間,,,なかま,"comrade, companion",66
766,仲良し＊,仲良し,,,なかよし,close friend,44
767,無くす,無くす,無駄を,,なくす,"to lose, to get rid of",55
768,亡くなる,亡くなる,,,なくなる,"to pass away, to die",78
769,平らか,平らか,なだらか,,ならか,"smooth, calm (surface)",86
770,撫でる,撫でる,頭を,,なでる,"to stroke, to pet",22
771,斜め,斜め,に横断する,,ななめ,"diagonal, slanting",37
772,鍋+,鍋,,,なべ,"pot, pan",16
773,生意気(な),生意気,,,なまいき,"impertinent, cheeky,",22
774,怠け者＊,怠け者,,,なまけもの,lazy person,67
775,怠ける,怠ける,仕事を,,なまける,"to be lazy, to be idle",67
776,生ゴミ,生ゴミ,,,なまごみ,"kitchen waste, raw garbage",19
777,涙+,涙,,,なみだ,tears,84
778,慣れる,慣れる,人に、パソコンに,,なれる,"to get used to, to become accustomed","22, 68"
779,似合う＊,似合う,,,にあう,"to suit, to match",48
780,臭い,臭い,匂う,変な臭いがする,におい,"smell, odor",86
781,苦手(な),苦手,,,にがて,"not good at, weak in",60
782,面皰,面皰,,,にきび,"pimple, acne",84
783,賑やか(な),賑やか,,,にぎやか,"lively, bustling",52
784,握る,握る,ハンドルを,,にぎる,"to grasp, to hold",34
785,にこにこ＊＊,にこにこ,笑う,,にこにこ,"smilingly, with a friendly grin",94
786,にせ物,にせ物,,,にせもの,"imitation, fake",49
787,にっこり＊＊,にっこり,,,にっこり,"with a smile, smiling",94
788,日程,日程,,,にってい,"schedule, itinerary",28
789,鈍い,鈍い,,,にぶい,"dull (e.g., a knife), slow-witted",86
790,入学式,入学式,,,にゅうがくしき,entrance ceremony,60
791,入学,入学,,,にゅうがく,"admission to school, enrollment",60
792,入門講座,入門講座,,,にゅうもんこうざ,introductory course,68
793,入力,入力,,,にゅうりょく,"input, data entry",70
794,煮る,煮る,,,にる,"to boil, to simmer",16
795,人気,人気,,,にんき,popularity,48
796,抜ける,抜ける,,,ぬける,"to come out, to fall out",85
797,濡らす,濡らす,,,ぬらす,"to wet, to dampen","18, 20"
798,塗る,塗る,,,ぬる,"to paint, to apply (e.g., makeup)",46
799,温い,温い,冷たくない,ジュースが温いので、冷蔵庫に入りましょう。,ぬるい,"lukewarm, tepid",15
800,濡れる,濡れる,,,ぬれる,to get wet,20
801,ネックレス,ネックレス,,,ネックレス,necklace,46
802,熱+,熱,,,ねつ,"fever, temperature",16
803,ネット,ネット,,,ネット,"net, internet",69
804,年賀状,年賀状,,,ねんがじょう,New Year's card,68
805,年末年始,年末年始,,,ねんまつねんし,year-end and New Year,28
806,ノートパソコン,ノートパソコン,,,ノートパソコン,laptop computer,68
807,残す,残す,,,のこす,"to leave (behind), to save",50
808,残り物＊,残り物,,昨日の夕食の残り物を今日の昼食に食べます。,のこりもの,Leftovers,12
809,乗せる,乗せる,,,のせる,"to give a ride, to carry",34
810,伸ばす,伸ばす,,,のばす,"to extend, to stretch",21
811,伸びる,伸びる,,,のびる,"to stretch, to grow","21, 85"
812,上り,上り,,,のぼり,"ascent, uphill",30
813,上る,上る,,,のぼる,"to go up, to climb",30
814,飲み会＊,飲み会,,,のみかい,"drinking party, gathering",52
815,飲み放題＊,飲み放題,,,のみほうだい,all-you-can-drink,52
816,乗り遅れる＊,乗り遅れる,,道路渋滞でバスに乗り遅れる～ました。,のりおくれる,"to miss (a bus, train, etc.)",32
817,乗り換え＊,乗り換え,,,のりかえ,"transfer (trains, buses, etc.)",32
818,乗り換える＊,乗り換える,,,のりかえる,"to transfer (trains, buses, etc.)",32
819,乗り越し＊,乗り越し,,,のりこし,"over-riding, exceeding the limit",32
820,乗り越す＊,乗り越す,,駅を乗り越す～てしまいました。,のりこす,"to ride past (one's stop), to exceed the limit",32
821,乗り過ごす＊,乗り過ごす,,会議室の入口を乗り過ごす～ました。,のりすごす,"to pass one's destination, to miss one's stop",32
822,呪い,呪い,車,,のろい,"curse, spell",86
823,のろのろ＊＊,のろのろ,ゆっくり,車がのろのろ走っている。,のろのろ,"slowly, sluggishly",96
824,呑気(な),呑気,,,のんき,"carefree, at ease",80
825,のんびり＊＊,のんびり,過ごす、屋,,のんびり,"in a relaxed manner, in a carefree manner",94
826,バーゲン,バーゲン,,,バーゲン,"bargain sale, sale",49
827,パーセント,パーセント,,,パーセント,percent,49
828,パート,パート,,,パート,"part-time job, part-timer",66
829,歯医者,歯医者,,,はいしゃ,dentist,83
830,売店,売店,,,ばいてん,"kiosk, stall",33
831,バイト,バイト,,,バイト,"part-time job (from ""アルバイト"")",66
832,生える,生える,,,はえる,"to grow (e.g., teeth, hair)","85, 86"
833,秤+,秤,,,はかり,"scale, balance",14
834,量る,量る,,,はかる,"to measure, to weigh",14
835,測る,測る,,,はかる,"to measure, to gauge",61
836,吐き気＊,吐き気,,,はきけ,nausea,82
837,はきはき＊＊,はきはき,と答える,,はきはき,"Smartly, promptly, clearly",96
838,掃く,掃く,,,はく,to sweep,18
839,～泊,～泊,,,～はく,counter for nights of a stay,29
840,吐く,吐く,,,はく,to vomit,82
841,白線,白線,,,はくせん,white line,32
842,バケツ,バケツ,,,バケツ,bucket,18
843,禿げる,禿げる,年を取る、ストレスで,ストレスで髪が禿げることがある。,はげる,to go bald,85
844,外す,外す,,,はずす,"to remove, to unfasten",101
845,バス停,バス停,,,ばすてい,bus stop,36
846,パソコン,パソコン,,,パソコン,personal computer,68
847,働き者＊,働き者,,,はたらきもの,hardworking person,67
848,～発,～発,,,～はつ,"departure, sent from …",30
849,はっきり＊＊,はっきり,,,はっきり,"clearly, distinctly",94
850,バックミラー,バックミラー,,,バックミラー,rearview mirror,34
851,発車,発車,,,はっしゃ,departure (of a vehicle),32
852,発売,発売,,,はつばい,release for sale,100
853,派手(な),派手,目立つな,,はで,"flashy, showy",48
854,花柄,花柄,,,はながら,floral pattern,48
855,話し合い＊,話し合い,,,はなしあい,"discussion, talk",98
856,話し合う＊,話し合う,,,はなしあう,"to discuss, to talk over",98
857,話し掛ける＊,話し掛ける,,,はなしかける,to start a conversation with,98
858,放す,放す,,,はなす,"to let go, to release",23
859,鼻水,鼻水,,,はなみず,"nasal mucus, a runny nose",84
860,幅+,幅,横の長さ,,はば,"width, breadth",15
861,母親,母親,,,ははおや,mother,23
862,省く,省く,,,はぶく,"to omit, to eliminate",55
863,歯磨き＊,歯磨き,,,はみがき,tooth brushing,46
864,歯磨き粉＊,歯磨き粉,,,はみがきこ,toothpaste,46
865,嵌める,嵌める,,,はめる,"to insert, to fit",47
866,流行る＊,流行る,～ている,,はやる,"to be in fashion, to be popular",48
867,流行り＊,流行り,,,はやり,"trend, fad",48
868,腹+,腹,,,はら,"abdomen, belly",50
869,払い戻し＊,払い戻し,,,はらいもどし,"refund, repayment",31
870,払い戻す＊,払い戻す,,チケット代を払い戻す～てもらいました。,はらいもどす,"to refund, to repay",31
871,バランス,バランス,,,バランス,balance,14
872,パンク,パンク,,,パンク,"puncture (tire), flat tire",35
873,判子,判子,,,はんこ,"seal, stamp",38
874,ハンサム,ハンサム,,,ハンサム,handsome,80
875,半そで,半そで,,,はんそで,short sleeves,48
876,パンツ,パンツ,,,パンツ,"pants, underwear",46
877,ハンドル,ハンドル,,,ハンドル,"steering wheel, handle",34
878,日当たり＊,日当たり,,この部屋は日当たりが良くて、明るいです。,ひあたり,exposure to sunlight,13
879,ヒーター,ヒーター,,,ヒーター,Heater,12
880,ビール,ビール,,,ビール,Beer,"12, 52"
881,ビール瓶,ビール瓶,,,ビールびん,beer bottle,53
882,冷えている,冷えている,,今日は外が寒くて、冷えている～ます。,ひえている,"To be cold, chilled",12
883,日帰り＊,日帰り,,,ひがえり,day trip,29
884,控える,控える,yamato dining hall,,ひかえる,"to refrain, to hold back",33
885,ぴかぴか＊＊,ぴかぴか,,,ぴかぴか,"glittering, sparkling",96
886,引かれる,引かれる,,,ひかれる,"to be attracted, to be drawn",37
887,引き算＊,引き算,,,ひきざん,subtraction,61
888,引き出す＊,引き出す,,,ひきだす,"to withdraw, to pull out",38
889,髭+,髭,,,ひげ,"beard, mustache","46, 85"
890,美人,美人,,,びじん,"beautiful person, beauty",80
891,額①,額,,,ひたい,"Forehead, brow",46
892,引っ繰り返す＊,引っ繰り返す,,,ひっくりかえす,"to turn over, to flip",16
893,人懐っこい＊,人懐っこい,,,ひとなつっこい,"sociable, friendly",22
894,一人っ子＊,一人っ子,,,ひとりっこ,only child,77
895,一人息子,一人息子,,,ひとりむすこ,only son,77
896,一人娘,一人娘,,,ひとりむすめ,only daughter,77
897,日にち,日にち,,,ひにち,"date (of a planned event, act, etc.)",28
898,捻る,捻る,,ボトルのキャップを捻る～て開けてください。,ひねる,"to twist, turn, or wring",12
899,紐+,紐,,,ひも,"string, cord",47
900,冷やす,冷やす,ビルを,夏には冷たい飲み物を冷やす～て楽しむことが多いです。,ひやす,To cool (something down),12
901,費用,費用,,,ひよう,"cost, expense",54
902,開く①,開く,,,ひらく,to open,"38, 52"
903,昼休み＊,昼休み,,,ひるやすみ,"lunch break, noon recess",60
904,貧乏(な),貧乏,貧乏揺すり,,びんぼう,"Poverty-stricken, poor",55
905,ファイル,ファイル,,,ファイル,file,68
906,夫婦,夫婦,,,ふうふ,"married couple, husband and wife",76
907,増える,増える,,,ふえる,"to increase, to grow",84
908,部下,部下,,,ぶか,"subordinate, junior employee",76
909,布巾,布巾,,,ふきん,"kitchen cloth, dishcloth",18
910,拭く,拭く,,テーブルを綺麗に拭く。,ふく,"to wipe, to mop",18
911,不合格,不合格,,,ふごうかく,"failure, not passing",62
912,不自由(な),不自由,,,ふじゆう,"inconvenience, hardship",33
913,不足,不足,,,ふそく,"insufficiency, shortage",55
914,蓋+,蓋,,,ふた,"lid, cover",16
915,普段,普段,(は),普段はお酒を飲みません。,ふだん,"usual, everyday, habitual, ordinary​",92
916,部長,部長,,,ぶちょう,"department head, section chief",76
917,打つ,打つ,お尻を,,ぶつ,"to hit, to strike",22
918,普通①,普通,,①梅雨の時期、②彼女は普通①は雨が多い。②９時に寝る。,ふつう,"usual, normal",92
919,碰る,碰る,,,ぶつかる,"to collide, to strike against",37
920,碰ける,碰ける,,,ぶつける,"to knock, to run into",37
921,ぶつぶつ＊＊,ぶつぶつ,,ぶつぶつ文句を言う,ぶつぶつ,"Grunt, grumble, complaint",96
922,物理学,物理学,,,ぶつりがく,physics,62
923,不意(な),不意,思い出す,,ふい,"unexpected, sudden",94
924,踏切,踏切,,,ふみきり,railroad crossing,36
925,踏む,踏む,アクセルを,,ふむ,"to step on, to tread on",34
926,増やす,増やす,,,ふやす,"to increase, to add",84
927,フライ返し,フライ返し,,,フライ返し,spatula,16
928,フライパン,フライパン,,,フライパン,frying pan,16
929,ブラジ,ブラジ,,,ブラジ,"brassiere, bra",18
930,プラス,プラス,,,プラス,plus,61
931,ホーム,ホーム,プラット,,ホーム,platform (train station),32
932,ぶらぶら＊＊,ぶらぶら,街を、ものが～揺れる,,ぶらぶら,"Dangling, swaying, swinging​",96
933,振られる,振られる,,,ふられる,"to be dumped, to be jilted",44
934,振り込み＊,振り込み,,,ふりこみ,payment made via bank deposit transfer,38
935,振り込む＊,振り込む,,,ふりこむ,"to transfer money, to remit",38
936,震える,震える,体が,,ふるえる,"to shiver, to tremble",84
937,ブレーキ,ブレーキ,,,ブレーキ,brake,35
938,ブログ,ブログ,,,ブログ,blog,69
939,フロントガラス,フロントガラス,,,フロントガラス,front windshield,34
940,雰囲気,雰囲気,感じる様子、雰囲気がいい店,,ふんいき,"atmosphere, mood",50
941,文学部,文学部,,,ぶんがくぶ,faculty of literature,62
942,平日,平日,,,へいじつ,weekday,28
943,ぺこぺこ＊＊,ぺこぺこ,お腹が,,ぺこぺこ,①very hungry ②bowing repeatedly,96
944,別々,別々,,,べつべつ,"separate, respective, different",54
945,減らす,減らす,,,へらす,"to decrease, to reduce",84
946,ぺらぺら＊＊,ぺらぺら,英語が、の紙,,ぺらぺら,Fluently (speaking a foreign language)​,96
947,減る,減る,お腹が、体重が,,へる,"to decrease, to diminish",50
948,ベルト,ベルト,機械,,ベルト,belt,46
949,変(な),変,,,へん,"strange, unusual",86
950,変換,変換,,,へんかん,"conversion, transformation",70
951,変更,変更,,,へんこう,"change, modification",28
952,返信,返信,,,へんしん,"reply, response",70
953,法学部,法学部,,,ほうがくぶ,faculty of law,62
954,箒+,箒,,,ほうき,broom,18
955,～放題,～放題,,,ほうだい,"all you can ~, as much as you like",52
956,包丁,包丁,,,ほうちょう,kitchen knife,14
957,～方面,～方面,,,～ほうめん,"direction, area",30
958,吠える,吠える,,,ほえる,"to bark, to howl",22
959,頬+,頬,ほほ,,ほお,cheek (of the face),46
960,ボーナス,ボーナス,,,ボーナス,bonus,66
961,ホームページ,ホームページ,,,ホームページ,homepage,69
962,ホームヘルパー,ホームヘルパー,,,ホームヘルパー,home helper,66
963,補講,補講,,,ほこう,supplementary lecture,62
964,埃+,埃,,部屋を掃除して、埃を取り除きました。,ほこり,dust,18
965,補習,補習,,,ほしゅう,supplementary lesson,62
966,干す,干す,,,ほす,"to dry (clothes, etc.)",20
967,保存,保存,,食品は冷蔵庫で保存するのが安全です。,ほぞん,"preservation, storage",12
968,ほっと＊＊,ほっと,安心する,,ほっと,"relief, feeling at ease",95
969,微笑む＊,微笑む,,,ほほえむ,to smile,94
970,掘る,掘る,,,ほる,to dig,22
971,本店,本店,,,ほんてん,"main store, headquarters",38
972,ボンネット,ボンネット,,,ボンネット,bonnet (of a car),34
973,本物,本物,,,ほんもの,"real thing, genuine article",49
974,翻訳,翻訳,する,,ほんやく,translation,66
975,まあまあ＊＊,まあまあ,,試験の結果はまあまあだった。,まあまあ,"so-so, passable, not (so) bad",97
976,迷子,迷子,,,まいご,lost child,23
977,マイナス,マイナス,,,マイナス,minus,61
978,マウス,マウス,,,マウス,computer mouse,68
979,巻く,巻く,,,まく,"to wind, to roll",47
980,孫+,孫,,,まご,Grandchild,77
981,増し(な),増し,になる,辛味を増し、味を調えました。,まし,"additional, extra",83
982,真面目(な),真面目,,,まじめ,"diligent, serious",80
983,先ず,先ず,最初に,帰ったら、先ずお風呂に入る。,まず,"first of all, to begin with",93
984,貧しい,貧しい,,,まずしい,poor,55
985,益々,益々,,物価は益々上がるだろう。,ますます,"increasingly, more and more",96
986,混ぜる,混ぜる,,,まぜる,to mix,16
987,待ち合わせ＊,待ち合わせ,,,まちあわせ,"appointment, meeting",98
988,待ち合わせる＊,待ち合わせる,,,まちあわせる,"to arrange a meeting, to meet up",98
989,間違う＊,間違う,,,まちがう,"to make a mistake, to be wrong",64
990,間違える＊,間違える,,,まちがえる,"to mistake, to make an error",64
991,真っ黒＊,真っ黒,,,まっくろ,pitch black,20
992,睫毛,睫毛,,,まつげ,eyelashes,46
993,真っ白＊,真っ白,,,まっしろ,"pure white, snow white",20
994,窓ガラス,窓ガラス,,窓ガラスがきれいに磨かれています。,まどがらす,Window glass,12
995,窓側,窓側,,,まどがわ,"by the window, window seat",30
996,窓口,窓口,,,まどぐち,window (service counter),39
997,纏める,纏める,,メール、レポートを纏める～て送る。,まとめる,"to summarize, to put in order","64, 70"
998,俎板,俎板,,,まないた,Cutting board,14
999,間に合う＊,間に合う,,,まにあう,"to be in time, to meet a deadline",63
1000,眩しい,眩しい,明かり,,まぶしい,"dazzling, bright",87
1001,瞼+,瞼,,,まぶた,eyelid,46
1002,マフラー,マフラー,,,マフラー,scarf,47
1003,守る,守る,,,まもる,"to protect, to defend",65
1004,眉毛,眉毛,眉、まゆ,,まゆげ,eyebrows,46
1005,回り道＊,回り道,,,まわりみち,"detour, roundabout way",36
1006,満員,満員,,,まんいん,"full house, crowded",32
1007,満席,満席,,,まんせき,"full capacity, fully occupied",50
1008,見上げる＊,見上げる,,,みあげる,to look up,98
1009,見送り＊,見送り,,,みおくり,seeing off,98
1010,見送る＊,見送る,,,みおくる,to see off,98
1011,見下ろす＊,見下ろす,,,みおろす,to look down on,98
1012,磨く,磨く,,,みがく,"to polish, to brush (teeth)","18, 46"
1013,水玉,水玉,,,みずたま,"water droplet, polka dot",48
1014,水割り＊,水割り,,,みずわり,whiskey diluted with water,52
1015,みそ汁,みそ汁,,,みそしる,miso soup,15
1016,見直し＊,見直し,,,みなおし,"review, reconsideration",64
1017,見直す＊,見直す,,計画を見直す～て新しいアプローチを考えます。,みなおす,"to reconsider, to reevaluate",64
1018,見る,見る,,,みる,"to see, to watch",17
1019,診る,診る,,専門の医師に診る～て貰う,みる,to examine (medically),83
1020,剥く,剥く,皮を,,むく,"to peel, to skin",15
1021,無地,無地,,,むじ,"plain, solid color",48
1022,蒸し暑い＊,蒸し暑い,,,むしあつい,"Humid, sultry",86
1023,無視,無視,,,むし,"disregard, ignore",37
1024,虫歯,虫歯,,,むしば,"cavity, tooth decay",84
1025,蒸す,蒸す,,,むす,"to steam, to evaporate",16
1026,結ぶ,結ぶ,,,むすぶ,"to tie, to knot",47
1027,無責任(な),無責任,,,むせきにん,irresponsible,81
1028,無駄(な),無駄,を無くす,,むだ,"waste, futility",55
1029,無駄遣い＊,無駄遣い,,,むだづかい,"waste of money, extravagance",54
1030,無茶苦茶(な),無茶苦茶,むちゃくちゃ,,むちゃくちゃ,"absurd, nonsensical",92
1031,夢中(な),夢中,,ゲームに夢中になる。,むちゅう,"absorbed, obsessed",44
1032,無料,無料,,,むりょう,free of charge,50
1033,～目,～目,大き,,～め,"counter for flat objects (e.g., sheets of paper)",15
1034,姪+,姪,,,めい,niece,77
1035,～名,～名,,,～めい,counter for people's names,51
1036,迷惑,迷惑,,,めいわく,"trouble, nuisance",53
1037,メール,メール,,,メール,email,70
1038,目立つ＊,目立つ,,,めだつ,"to stand out, to be conspicuous",48
1039,目眩,目眩,がする,,めまい,"dizziness, vertigo",82
1040,面接,面接,,明日、面接があります。 ,めんせつ,interview,66
1041,面倒臭い＊,面倒臭い,面倒,,めんどうくさい,"troublesome, bothersome",19
1042,儲かる,儲かる,お金が,,もうかる,"to be profitable, to earn money",67
1043,儲ける,儲ける,お金を,,もうける,"to make a profit, to earn",67
1044,申し込み＊,申し込み,,,もうしこみ,"application, subscription",98
1045,申し込む＊,申し込む,,,もうしこむ,"to apply, to make an application","28, 45, 98"
1046,申し訳ありません＊,申し訳ありません,,,もうしわけありません,"I'm sorry, I apologize",51
1047,燃えないゴミ,燃えないゴミ,,,もえないごみ,non-burnable garbage,19
1048,燃えるゴミ,燃えるゴミ,,,もえるごみ,burnable garbage,19
1049,勿体ない＊,勿体ない,,食べ残すのは勿体ないですよ。,もったいない,"wasteful, regrettable",50
1050,持てる,持てる,女性に,,もてる,"to be popular, to be attractive",44
1051,元々,元々,,①彼は②この時計は元々①気の弱い人だった。②安かったから、壊れても仕方がない。,もともと,"originally, from the start",97
1052,物置,物置,,ガーデン用具は物置にしまってあります。,ものおき,"storage shed, warehouse",19
1053,物差し＊,物差し,"various types of measuring instruments, such as rulers, yardsticks, tape measures",,ものさし,"ruler, measuring stick",61
1054,物凄い＊,物凄い,,足が物凄い～く痛い。,ものすごい,"tremendous, amazing",92
1055,模様,模様,,そのドレスには美しい模様がある。,もよう,"pattern, figure, design",48
1056,盛り上がる＊,盛り上がる,,,もりあがる,"to liven up, to get excited",52
1057,火傷,火傷,,,やけど,burn (injury from heat),83
1058,家賃,家賃,,,やちん,rent for a house or apartment,38
1059,漸と,漸と,,,やっと,"at last, finally",92
1060,矢っ張り＊,矢っ張り,,,やっぱり,"also, as I thought",94
1061,雇う,雇う,,,やとう,"to employ, to hire",66
1062,雇われる,雇われる,,,やわられる,"to be employed, to get a job",66
1063,矢張り＊,矢張り,やっぱり,矢張り思った通りに。,やはり,"As expected, sure enough, just as one thought​",94
1064,辞めさせられる,辞めさせられる,,,やめさせられる,to be forced to resign,67
1065,遣り取り＊,遣り取り,,,やりとり,"giving and taking, arguing back and forth",70
1066,遣る,遣る,餌を,,やる,"to do, to perform",23
1067,勇気,勇気,,,ゆうき,"courage, bravery",80
1068,有効期限,有効期限,,,ゆうこうきげん,"expiration date, validity period",54
1069,夕食,夕食,,,ゆうしょく,"dinner, evening meal",14
1070,優先席,優先席,,,ゆうせんせき,priority seat,33
1071,ユーモア,ユーモア,,,ユーモア,humor,80
1072,床②,床,,この部屋の床は木製です。,ゆか,Floor,"12, 18"
1073,雪+,雪,,,ゆき,snow,18
1074,譲る,譲る,年寄りに、老人,,ゆずる,"to yield, to concede",33
1075,湯でる,湯でる,,,ゆでる,"to boil, to cook in hot water",16
1076,湯飲み＊,湯飲み,茶わん,緑茶を湯飲みに注ぎます。,ゆのみ,"Teacup, small cup for hot drinks",12
1077,指輪,指輪,,,ゆびわ,ring,47
1078,緩い,緩い,,,ゆるい,"loose, slack",48
1079,揺れる,揺れる,電車が,,ゆれる,"to shake, to sway",32
1080,酔う,酔う,お酒に,,よう,"to get drunk, to become intoxicated",52
1081,幼児,幼児,,,ようじ,"infant, young child",22
1082,預金,預金,,銀行、長期間のために預金をすることが重要です。 ,よきん,"deposit, savings",38
1083,良く,良く,,②昨日は、良く①このレストランに来ます。②寝ました。③やった！,よく,"well, often",92
1084,横切る＊,横切る,,,よこぎる,"to cross (e.g., a street)",37
1085,汚す,汚す,,,よごす,"to dirty, to soil",20
1086,汚れ,汚れ,,,よごれ,"dirt, stain",20
1087,汚れる,汚れる,,,よごれる,"to get dirty, to become stained",20
1088,涎+,涎,,,よだれ,"saliva, drool",84
1089,四つ角＊,四つ角,,,よつかど,"four corners, intersection",36
1090,酔っ払い#,酔っ払い#,,,よっぱらい,"drunkard, intoxicated person",52
1091,酔っ払う＊,酔っ払う,,,よっぱらう,"to get drunk, to become intoxicated",52
1092,予定,予定,,,よてい,"plan, schedule",28
1093,寄る,寄る,,,よる,"to visit, to drop by",35
1094,ライト,ライト,,,ライト,"light (e.g., car headlights)",35
1095,ラップ,ラップ,,,ラップ,wrap (plastic wrap),15
1096,ランチ,ランチ,,,ランチ,lunch,50
1097,理科,理科,,,りか,science (as a school subject),60
1098,利口,利口,,,りこう,"clever, smart",22
1099,理工学部,理工学部,,,りこうがくぶ,faculty of science and engineering,62
1100,～リットル,～リットル,,,～リットル,liter,14
1101,リビング,リビング,,,リビング,Living room,12
1102,リモコン,リモコン,,,リモコン,Remote control,13
1103,留学,留学,,,りゅうがく,studying abroad,63
1104,流行,流行,,,りゅうこう,"fashion, trend",48
1105,量+,量,,,りょう,"quantity, amount",50
1106,両替,両替,,,りょうがえ,money exchange,39
1107,領収書,領収書,,,りょうしゅうしょ,receipt,54
1108,旅館,旅館,,,りょかん,"Japanese inn, ryokan",29
1109,履歴書,履歴書,,新しい仕事を探すために履歴書を書きます。,りれきしょ,"resume, curriculum vitae",66
1110,礼儀正しい＊,礼儀正しい,,,れいぎただしい,"polite, courteous",80
1111,冷凍,冷凍,,アイスクリームは冷凍して保存します。,れいとう,"Freezing, frozen",12
1112,冷房,冷房,,夏の暑い日には冷房を効かせます。,れいぼう,"Air conditioning, cooling",13
1113,レジ,レジ,,,レジ,cash register,54
1114,レシート,レシート,,,レシート,receipt,54
1115,列+,列,,,れつ,"line, queue",50
1116,列車,列車,,,れっしゃ,train,30
1117,レバー,レバー,,機械を操作するためにレバーを引いてください。,レバー,Lever,12
1118,レポート,レポート,,,レポート,report,"64, 65"
1119,レンタカー,レンタカー,,,レンタカー,rental car,34
1120,老人,老人,,,ろうじん,"old person, elderly",33
1121,ローマ字,ローマ字,,,ローマ字,Roman alphabet,70
1122,ワイシャツ,ワイシャツ,,,ワイシャツ,white shirt,20
1123,ワイパー,ワイパー,,,ワイパー,windshield wiper,35
1124,沸かす,沸かす,,,わかす,to boil (water),16
1125,我儘(な),我儘,,,わがまま,"selfishness, egoism",22
1126,沸く,沸く,,,わく,to boil (water),16
1127,態と,態と,負ける,,わざと,"on purpose, intentionally",94
1128,割り勘＊,割り勘,,,わりかん,splitting the bill,54
1129,割り算＊,割り算,,,わりざん,division (math),61
1130,～割引き＊,～割引き,,,～わりびき,discount,49
1131,割る,割る,,,わる,"to divide, to break","53, 61"
1132,割れる,割れる,,,われる,"to be divided, to break",53
1133,席を立つ＊,席を立つ,To leave,席を立つ,せきをたつ,to leave one's seat,102
1134,空に立つ＊,空に立つ,Rise/To Rise,太陽が東の空に立つ。,そらにたつ,"to stand in the sky (e.g., a building)",102
1135,会社を立てる＊,会社を立てる,Establish/To Set Up,彼は新しい会社を立てる～た。,かいしゃをたてる,to establish a company,102
1136,家を立つ＊,家を立つ,Leave/To Depart,彼は旅行のために家を立つ～た。,いえをたつ,to leave home,102
1137,来月から立つ＊,来月から立つ,Take Effect/To Apply,新しい法律が来月から立つ。,らいげつからたつ,to start from next month,102
1138,雨が上がる＊,雨が上がる,止む,,あめがあがる,for the rain to stop,102
1139,階段を上がる＊,階段を上がる,To Rise/To Ascend,階段を上がる,かいだんをあがる,to go up the stairs,102
1140,価格が上がる＊,価格が上がる,To Go Up/To Increase,価格が上がる,かかくがあがる,for the price to rise,102
1141,手を上げる＊,手を上げる,To Be Raised,手を上げる～てください。,てをあげる,to raise one's hand,102
1142,仕事が上がる＊,仕事が上がる,To Finish/To Be Completed,仕事が上がる～た。,しごとがあがる,for the work to be completed,102
1143,炊き上がるた＊,炊き上がるた,To Be Cooked,ご飯が炊き上がるた。,たきあがる,"to be cooked, to be ready (for rice, etc.)",102
1144,調子が上がる＊,調子が上がる,To Improve/To Get Better,調子が上がる。,ちょうしがあがる,for one's condition to improve,102
1145,先生に上がる＊,先生に上がる,To Be Sent/To Be Submitted,レポートが先生に上がる～った。,せんせいにあがる,to be promoted to a teacher,102
1146,柱に上がる＊,柱に上がる,To Be Set/To Be Mounted,旗が柱に上がる～ている。,はしらにあがる,to climb a pillar,102
1147,家に上がる＊,家に上がる,To Go To Someone's Place,友達の家に上がる。,いえにあがる,to enter someone's home,102
1148,ドアが上がる＊,ドアが上がる,To Get Stuck/To Be Caught,ドアが上がる～てしまった。,どあがあがる,for the door to go up,102
1149,プレゼントをあげる＊,プレゼントをあげる,To Give,プレゼントをあげる。,ぷれぜんとをあげる,to give a present,102
1150,お手伝いをあげる＊,お手伝いをあげる,To Offer,お手伝いをあげる。,おてつだいをあげる,to offer help,102
1151,荷物を持ってあげた＊,荷物を持ってあげた,To Do for Someone,お父さんに荷物を持ってあげた。,にもつをもってあげた,carried the luggage for someone,102
1152,宿題をやりあげる＊,宿題をやりあげる,To Complete/To Finish,宿題をやりあげる。,しゅくだいをやりあげる,to finish homework,102
1153,インターネットにあげる＊,インターネットにあげる,To Upload,写真をインターネットにあげる。,いんたーねっとにあげる,to upload on the internet,102
1154,声を上げる＊,声を上げる,To Raise One's Voice/To Make a Sound,声を上げる～て笑う。,こえをあげる,to raise one's voice,102
1155,歌を歌ってあげる＊,歌を歌ってあげる,To Perform/To Execute,歌を歌ってあげる。,うたをうたってあげる,to sing a song for someone,102
1156,お辞儀をしてあげた＊,お辞儀をしてあげた,To Offer Respect,先生にお辞儀をしてあげた。,おじぎをしてあげた,bowed in courtesy,102
1157,手を挙げる＊,手を挙げる,To Raise Something in Status or Level,①質を②手を挙げる。,あげる,to raise,102
1158,例を１つ挙げる＊,例を１つ挙げる,,例を１つ挙げる～てくださいますか。,あげる,"To give (an example, etc.)",102
1159,全力を挙げる＊,全力を挙げる,,全力を挙げる～て戦え。,あげる,"to summon up (all of one's energy, etc.)​",102
1160,名を挙げる＊,名を挙げる,,私は考えられる候補者としてポールの名を挙げる～た。,あげる,to nominate,102
1161,結婚式を挙げる＊,結婚式を挙げる,,私は先月結婚式を挙げる～ました。,あげる,"to conduct (a ceremony, esp. a wedding)",102
1162,揚げる,揚げる,This chicken is fried well.,この鶏肉はよく揚げる～られている。,あげる,to deep-fry​,102
1163,階段を下がる＊,階段を下がる,To Descend/To Go Down,階段を下がる。,さがる,to go down the stairs,102
1164,値段が下がった＊,値段が下がった,To Lower/To Reduce,値段が下がった。,さがる,the price decreased,102
1165,軍隊が敵から下がった＊,軍隊が敵から下がった,To Retreat/To Fall Back,軍隊が敵から下がった。,さがる,the army withdrew from the enemy,102
1166,髪が顔の前に下がっている＊,髪が顔の前に下がっている,To Hang Down/To Dangle,髪が顔の前に下がっている。,さがる,hair is hanging down in front of the face,102
1167,彼は仕事で地位が下がった＊,彼は仕事で地位が下がった,To Become Lower in Rank/Position,彼は仕事で地位が下がった。,さがる,he lost his position at work,102
1168,太陽が山に下がる＊,太陽が山に下がる,"To Sink/To Set (e.g., the sun)",太陽が山に下がる。,さがる,the sun sets behind the mountains,102
1169,質が下がる＊,質が下がる,To Decrease in Quality or Condition,質が下がる。,さがる,quality decreases,102
1170,彼の意欲が下がっている＊,彼の意欲が下がっている,To Become Less Active or Enthusiastic,彼の意欲が下がっている。,さがる,his motivation has decreased,102
1171,電話を下げる＊,電話を下げる,To Hang Up (the phone),電話を下げる。,さげる,to hang up the phone,102
1172,手を下げる＊,手を下げる,To Lower/To Bring Down,手を下げる～てください。,さげる,to lower one's hand,102
1173,机に下げる＊,机に下げる,To Put Down/To Place Down,本を机に下げる～た。,さげる,to put something on the desk,102
1174,カーテンを下げる＊,カーテンを下げる,To Hang/To Lower Something Hanging ,カーテンを下げる。,さげる,to lower the curtain,102
1175,値段を下げる＊,値段を下げる,To Reduce/To Decrease,値段を下げる。,さげる,to lower the price,102
1176,白旗を下げる＊,白旗を下げる,To Surrender/To Yield,敵に降伏を申し出て、白旗を下げる～た。,さげる,to raise the white flag (surrender),102
1177,競技を下げる＊,競技を下げる,"To Withdraw/To Retire (e.g., from a competition)",大会から引退を決めて、競技を下げる～た。,さげる,to cancel a competition,102
1178,価値を下げる＊,価値を下げる,"To Depreciate/To Degrade (e.g., currency)",通貨の価値を下げる。,さげる,to devalue,102
1179,トーンを下げる＊,トーンを下げる,To Decrease One's Tone (in speech),話のトーンを下げる。,さげる,to lower the tone,102
1180,手紙に付ける＊,手紙に付ける,To Attach/To Affix ,スタンプを手紙に付ける。,つける,to attach to a letter,103
1181,空港に着く＊,空港に着く,To Arrive/To Reach,空港に着く。,つく,to arrive at the airport,103
1182,シールが紙に付いている＊,シールが紙に付いている,To Be Fixed/To Be Attached,シールが紙に付いている。,つく,the sticker is attached to the paper,103
1183,グルーが指に付いた＊,グルーが指に付いた,To Stick/To Adhere,グルーが指に付いた。,つく,glue got on my finger,103
1184,この料金には税金が付いていますか＊,この料金には税金が付いていますか,To Be Included/To Be Added,この料金には税金が付いていますか？,つく,Does this price include taxes?,103
1185,この地域に新しい図書館が付く予定です＊,この地域に新しい図書館が付く予定です,To Be Fixed/To Be Established,この地域に新しい図書館が付く予定です。,つく,There are plans to build a new library in this area,103
1186,車に付ける＊,車に付ける,To Attach/To Add,ステッカーを車に付ける。,つける,to attach to a car,103
1187,化粧を付ける＊,化粧を付ける,"To Apply (e.g., makeup)",化粧を付ける。,つける,to put on makeup,103
1188,ライトを付ける＊,ライトを付ける,"To Turn On (e.g., a light, a device)",ライトを付ける。,つける,to turn on the light,103
1189,愛称を付ける＊,愛称を付ける,To Give (a name/nickname),彼女に愛称を付ける～た。,つける,to give a nickname,103
1190,担当者に付ける＊,担当者に付ける,To Assign/To Allocate,仕事を担当者に付ける。,つける,to assign to a person in charge,103
1191,文書に付ける＊,文書に付ける,To Imprint/To Stamp,印鑑を文書に付ける。,つける,to attach to a document,103
1192,シートベルトを付ける＊,シートベルトを付ける,To Fasten/To Buckle,シートベルトを付ける。,つける,to fasten the seatbelt,103
1193,顧客に付ける＊,顧客に付ける,To Charge/To Bill,請求書を顧客に付ける。,つける,to attach to customers,103
1194,犯罪者に付ける＊,犯罪者に付ける,"To Impose/To Inflict (e.g., a penalty)",刑罰を犯罪者に付ける。,つける,to track a criminal,103
1195,メモを付ける＊,メモを付ける,To Record/To Add a Comment,資料にメモを付ける。,つける,to attach a memo,103
1196,掛かる,掛かる,,,かかる,"to take (a resource, e.g. time or money)","39, 53, 54, 83, 101"
1197,掛ける,掛ける,ラップを,,かける,"to hang up (e.g. a coat, a picture on the wall)","15, 16, 18, 20, 34, 35, 53, 60, 000"
1198,ボタンが取れる＊,ボタンが取れる,,,とれる,the button comes off,100
1199,本を取る＊,本を取る,To Take,本を取る。,とる,to take a book,100
1200,情報を取る＊,情報を取る,To Get/To Obtain,情報を取る。,とる,to obtain information,100
1201,ゴミを取る＊,ゴミを取る,To Remove/To Pick Up,ゴミを取る。,とる,to pick up trash,100
1202,試合を取る＊,試合を取る,To Win/To Defeat,試合を取る。,とる,to win a game,100
1203,試験を取る＊,試験を取る,To Pass/To Clear (an exam or test),試験を取る。,とる,to take an exam,100
1204,料金を取る＊,料金を取る,To Charge/To Collect (a fee or payment),料金を取る。,とる,to charge a fee,100
1205,ドレスを取る＊,ドレスを取る,To Make/To Create (in a casual context),ドレスを取る。,とる,to take off a dress,100
1206,話を取る＊,話を取る,To Understand/To Get (a concept or idea),彼の話を取る。,とる,to take a conversation,100
1207,賞品を取れる＊,賞品を取れる,To be able to Take,彼は賞品を取れるかもしれない。,とれる,to win a prize,100
1208,チケットはまだ取れる＊,チケットはまだ取れる,To Be Obtainable/Available,チケットはまだ取れる～ますか？,とれる,you can still get tickets,100
1209,簡単に取れる＊,簡単に取れる,To Be Capturable,そのポケモンは簡単に取れる。,とれる,easy to obtain,100
1210,試合を取れる＊,試合を取れる,"To Be Winnable/To Be Obtainable (e.g., a victory)",我々にはこの試合を取れる可能性があります。,とれる,to be able to win a game,100
1211,コーヒーを摂る＊,コーヒーを摂る,"to have (e.g. lunch), to take (e.g. vitamins)​",コーヒーを摂る。,とる,to have coffee,100
1212,全部摂れる＊,全部摂れる,To Be Eatable/Drinkable (in a casual context),この料理は美味しい。全部摂れる！,とれる,everything can be taken,100
1213,写真を撮る＊,写真を撮る,To Shoot/To Take a Photo,写真を撮る。,とる,to take a photo,100
1214,ビデオに録る＊,ビデオに録る,to record,この番組、ビデオに録る～っておいて。,とる,"to record (audio or video), to film",100
1215,蝶を捕る＊,蝶を捕る,"catching or capturing something that is alive, such as animals, fish, or insects",彼はジャングルで珍しい蝶を捕る。,とる,"to capture, to catch (a wild animal, fish, insect, baseball, etc.)",100
1216,野菜を穫る＊,野菜を穫る,to harvest,彼は畑で野菜を穫る。,とる,to harvest (a crop)​,100
1217,薬草を採る＊,薬草を採る,to pick,彼は山で薬草を採る。,とる,"to pick (e.g. flowers), to gather (e.g. mushrooms)",100
1218,議長を執る＊,議長を執る,to take (trouble),彼は会議の議長を執る。,とる,"to take (trouble), to attend (to business), to command (army)",100
1219,鹿を獲る＊,鹿を獲る,"capturing or obtaining something, often implying a successful hunt or acquisition",彼は森で鹿を獲る。,とる,"to capture, to catch (a wild animal which is not alive)",100
1220,ドアを引く＊,ドアを引く,To Pull,ドアを引く。、曳く、牽く,ひく,to pull the door,37
1221,絵を引く＊,絵を引く,To Draw,絵を引く。,ひく,to draw a picture,37
1222,10から5を引く＊,10から5を引く,To Subtract,10から5を引くと、5になる。,ひく,to subtract 5 from 10,37
1223,手を前に引く＊,手を前に引く,To Extend/To Stretch,手を前に引く。,ひく,to pull one's hands forward,37
1224,心に引く＊,心に引く,To Affect/To Touch (Emotionally),彼女の話は心に引く～た。,ひく,to touch one's heart,37
1225,ギターを弾く＊,ギターを弾く,To Play (a musical instrument),ギターを弾く。,ひく,to play the guitar,37
1226,荷車を牽く＊,荷車を牽く,曳く (Old),私は馬が荷車を牽く～いているのを見た。,ひく,"to haul, to pull (vehicles)",37
1227,猫を轢く＊,猫を轢く,,彼は車で猫を轢く。,ひく,"to run over, to hit with a vehicle",37
1228,人を惹く＊,人を惹く,,彼の演奏は多くの人を惹く。,ひく,"to attract, to draw attention",37
1229,コーヒー豆を挽く＊,コーヒー豆を挽く,,彼はコーヒー豆を挽く。,ひく,"to grind, to mill",37
1230,一歩退く＊,一歩退く,,彼は一歩退く。,ひく,"to resign, to retire, to quit​",37
1231,問題を解く＊,問題を解く,To Solve/To Untangle、梳く,数学の問題を解く。,とく,to solve a problem,46
1232,謎を解く＊,謎を解く,To Uncover/To Solve a Mystery,謎を解く。,とく,to solve a mystery,46
1233,ひもを解く＊,ひもを解く,To Untie/To Unfasten/To Unbutton,靴のひもを解く。,とく,to untie a string,46
1234,ジャケットを解く＊,ジャケットを解く,To Take Off (Clothing),ジャケットを解く。,とく,to unbutton a jacket,46
1235,リードから解く＊,リードから解く,To Release/To Free/To Unbind ,犬をリードから解く。,とく,to unleash from a leash,46
1236,秘密を解く＊,秘密を解く,To Uncover/To Reveal,秘密を解く。,とく,to reveal a secret,46
1237,蓋を解く＊,蓋を解く,"To Remove/To Take Off (a lid, cover) ",蓋を解く。,とく,to open a lid,46
1238,イベントを解く＊,イベントを解く,To Cancel/To Call Off,イベントを解く。,とく,to organize or solve an event,46
1239,傘を解く＊,傘を解く,To Open (an umbrella),傘を解く。,とく,to open an umbrella,46
1240,申し出を解く＊,申し出を解く,To Decline/To Refuse,申し出を解く。,とく,to settle an offer,46
1241,囚人を解く＊,囚人を解く,To Set Free/To Set Loose,囚人を解く。,とく,to release a prisoner,46
1242,理論を説く＊,理論を説く,,彼は理論を説く。,とく,"to explain, to advocate, to preach",46
1243,絵の具を水で溶く＊,絵の具を水で溶く,,彼は絵の具を水で溶く。,とく,"to dissolve (paint), to scramble (eggs), to melt (metal, etc.),",46
1244,疾く行け＊,疾く行け,,疾く行け。①帰れ。②逃げろ。③知らせよ。,とく,"quickly, swiftly, expeditiously​",46
1245,確かめとく＊,確かめとく,,窓が閉まっているか確かめとく～け。,とく,"to do something in readiness for, to get something (needful) done",46
1246,手を振る＊,手を振る,To Flutter/To Shake,手を振る。,ふる,to wave one's hand,16
1247,スイングを振る＊,スイングを振る,To Swing、尻尾,スイングを振る。,ふる,"to swing (e.g., a golf club)",16
1248,服から振る＊,服から振る,To Shake Off/To Dust Off,雨を服から振る。,ふる,to shake off from clothes,16
1249,道に振る＊,道に振る,To Scatter/To Sprinkle,砂を道に振る。,ふる,to scatter along the road,16
1250,旗を振る＊,旗を振る,"To Wave Something (e.g., a flag)",旗を振る。,ふる,to wave a flag,16
1251,リズムを振る＊,リズムを振る,To Beat (a rhythm),リズムを振る。,ふる,to keep the rhythm,16
1252,故障を振る＊,故障を振る,Sprinkle,故障を振る。,ふる,to shake off a malfunction,16
1253,雨が降る＊,雨が降る,,雨が降る。,ふる,"to fall (of rain, snow, ash, etc.), to come down",16
1254,時が旧る＊,時が旧る,,古い城は時が旧るにつれて、ますます風情を増していった。,ふる,"to age, to get old​",16
